"ID";"method";"file";"N";"M";"DIST";"kvar_obj";"kmeans_obj";"means_obj";"sd_obj"
"A1R5C7P4";"ace-exchange";"N48_M1_normal_A1R5C7P4";48;1;"normal";53.5906793442474;34.9126649711893;0.0264538578870111;0.0370279248246506
"A1R5C7P4";"k-means-exchange";"N48_M1_normal_A1R5C7P4";48;1;"normal";53.6327296076148;34.921062649888;6.23517305813753e-06;0.0106590990530062
"A1R5C7P4";"kplus";"N48_M1_normal_A1R5C7P4";48;1;"normal";53.6365315566003;34.9210626282332;4.29354059258355e-05;7.67304044809736e-05
"A1R5C7P4";"random";"N48_M1_normal_A1R5C7P4";48;1;"normal";53.6259859897925;34.8854066100963;0.0545099687046916;0.0177615724893192
"A4I1H5J9";"ace-exchange";"N228_M7_normal-wide_A4I1H5J9";228;7;"normal-wide";52656.2709353014;6310.84579343225;0.0123341489592127;0.0508168899103862
"A4I1H5J9";"k-means-exchange";"N228_M7_normal-wide_A4I1H5J9";228;7;"normal-wide";52424.8422647926;6310.9334098422;0.00639776715749355;0.158343487041528
"A4I1H5J9";"kplus";"N228_M7_normal-wide_A4I1H5J9";228;7;"normal-wide";52677.3983366102;6310.86761847063;0.0113157260298236;0.00358477864195031
"A4I1H5J9";"random";"N228_M7_normal-wide_A4I1H5J9";228;7;"normal-wide";52400.1708679523;6300.55796631029;0.152558510048972;0.17595670368078
"A4P9I8Q6";"ace-exchange";"N180_M3_normal_A4P9I8Q6";180;3;"normal";897.361089852402;527.054724832078;0.00274213512024998;0.0091368317957321
"A4P9I8Q6";"k-means-exchange";"N180_M3_normal_A4P9I8Q6";180;3;"normal";890.749586515827;527.056041982571;0.000196826575309279;0.09922253515156
"A4P9I8Q6";"kplus";"N180_M3_normal_A4P9I8Q6";180;3;"normal";897.409209582575;527.055711122771;0.00130500733046262;0.000711113692254147
"A4P9I8Q6";"random";"N180_M3_normal_A4P9I8Q6";180;3;"normal";896.596748585196;523.344718195419;0.103463570598838;0.0306254029713142
"B7T0K8J3";"ace-exchange";"N72_M2_normal-wide_B7T0K8J3";72;2;"normal-wide";1709.34859718571;420.155511982089;0.029300146677543;0.0376551964746654
"B7T0K8J3";"k-means-exchange";"N72_M2_normal-wide_B7T0K8J3";72;2;"normal-wide";1699.77332546665;420.206569850455;0.00011852850283013;0.158470800048929
"B7T0K8J3";"kplus";"N72_M2_normal-wide_B7T0K8J3";72;2;"normal-wide";1710.1683355755;420.204071559614;0.00812811024272099;0.00141532245787535
"B7T0K8J3";"random";"N72_M2_normal-wide_B7T0K8J3";72;2;"normal-wide";1689.97558324043;418.736798578515;0.201759050789863;0.222744797190056
"B7T0S1N9";"ace-exchange";"N192_M10_normal_B7T0S1N9";192;10;"normal";3594.4364066409;1802.67813967305;0.0122088008137881;0.0365930790674095
"B7T0S1N9";"k-means-exchange";"N192_M10_normal_B7T0S1N9";192;10;"normal";3572.54380356609;1802.74147143824;0.00639273582597615;0.0962279541995586
"B7T0S1N9";"kplus";"N192_M10_normal_B7T0S1N9";192;10;"normal";3597.68384803574;1802.68937536231;0.0093030050290704;0.00532676049104251
"B7T0S1N9";"random";"N192_M10_normal_B7T0S1N9";192;10;"normal";3569.53886258121;1795.24979797167;0.0993181515457573;0.103463215510105
"C0M9X1E2";"ace-exchange";"N48_M7_normal-wide_C0M9X1E2";48;7;"normal-wide";9021.72711491459;1295.08902917429;0.0899792765589905;0.167258972339396
"C0M9X1E2";"k-means-exchange";"N48_M7_normal-wide_C0M9X1E2";48;7;"normal-wide";8891.62893697881;1295.89157334285;0.0429884338201386;0.30455001695059
"C0M9X1E2";"kplus";"N48_M7_normal-wide_C0M9X1E2";48;7;"normal-wide";9075.1718623179;1294.32937715273;0.134316154737105;0.0359428305365833
"C0M9X1E2";"random";"N48_M7_normal-wide_C0M9X1E2";48;7;"normal-wide";9008.25411195499;1266.07054626398;0.486802940327484;0.141608841684611
"C1I7Z3T0";"ace-exchange";"N24_M2_uniform_C1I7Z3T0";24;2;"uniform";0.318717782024813;4.34152366520845;0.00651762760632366;0.0125713624452449
"C1I7Z3T0";"k-means-exchange";"N24_M2_uniform_C1I7Z3T0";24;2;"uniform";0.317463574619712;4.34203132786826;0.00114572923242423;0.0188392766404383
"C1I7Z3T0";"kplus";"N24_M2_uniform_C1I7Z3T0";24;2;"uniform";0.31914293506442;4.34202531181337;0.00156705622794112;0.00665855294527845
"C1I7Z3T0";"random";"N24_M2_uniform_C1I7Z3T0";24;2;"uniform";0.318930362351428;4.2418059258225;0.0846180491304646;0.00990712189484602
"C1P9R7S5";"ace-exchange";"N264_M6_normal-wide_C1P9R7S5";264;6;"normal-wide";44224.7640124251;6301.25348092605;0.00841746132736703;0.0321344942293256
"C1P9R7S5";"k-means-exchange";"N264_M6_normal-wide_C1P9R7S5";264;6;"normal-wide";44104.6364751625;6301.30071488993;0.0030050755916377;0.134541448186424
"C1P9R7S5";"kplus";"N264_M6_normal-wide_C1P9R7S5";264;6;"normal-wide";44234.0593199628;6301.26962502128;0.0072116230153909;0.00324843059292079
"C1P9R7S5";"random";"N264_M6_normal-wide_C1P9R7S5";264;6;"normal-wide";44164.7714695085;6290.27454420886;0.12991688034445;0.082155057017529
"C3A9F6I2";"ace-exchange";"N204_M4_uniform_C3A9F6I2";204;4;"uniform";4.51386676701988;70.1183115056742;0.000603535605763414;0.00338376142295829
"C3A9F6I2";"k-means-exchange";"N204_M4_uniform_C3A9F6I2";204;4;"uniform";4.48779002065177;70.1184254330582;0.000265975046204389;0.0173790339679403
"C3A9F6I2";"kplus";"N204_M4_uniform_C3A9F6I2";204;4;"uniform";4.51479534986179;70.1183696253143;0.000508080838663577;0.00139980401697852
"C3A9F6I2";"random";"N204_M4_uniform_C3A9F6I2";204;4;"uniform";4.46947631411611;69.6546011434037;0.0384485586403696;0.0191051740170866
"C3G0E4Z1";"ace-exchange";"N36_M1_normal_C3G0E4Z1";36;1;"normal";83.6043206943557;45.1988637928112;0.0469620612689985;0.092300808193795
"C3G0E4Z1";"k-means-exchange";"N36_M1_normal_C3G0E4Z1";36;1;"normal";82.4467670279567;45.218712705244;2.199728764124e-05;0.189336855967968
"C3G0E4Z1";"kplus";"N36_M1_normal_C3G0E4Z1";36;1;"normal";83.9673897547314;45.2186563616295;0.00250217615108245;0.000757847893851471
"C3G0E4Z1";"random";"N36_M1_normal_C3G0E4Z1";36;1;"normal";83.9500573991115;38.2956636455984;0.877056254625571;0.0219076602980557
"C5G9V1Y0";"ace-exchange";"N36_M1_normal_C5G9V1Y0";36;1;"normal";29.1400396419573;22.5421468048551;0.0215733535745696;0.103727091221933
"C5G9V1Y0";"k-means-exchange";"N36_M1_normal_C5G9V1Y0";36;1;"normal";26.8281201433584;22.546335475902;4.11139051140763e-05;0.353829569786637
"C5G9V1Y0";"kplus";"N36_M1_normal_C5G9V1Y0";36;1;"normal";29.3681725275113;22.5463354186933;8.97043783890938e-05;0.000256456430446916
"C5G9V1Y0";"random";"N36_M1_normal_C5G9V1Y0";36;1;"normal";24.8895333888072;22.5106059987452;0.0630074884173545;0.480384319973523
"C5Q1L2G9";"ace-exchange";"N156_M5_normal_C5Q1L2G9";156;5;"normal";1697.24580256658;807.755984836309;0.0118686378919134;0.0299346760448753
"C5Q1L2G9";"k-means-exchange";"N156_M5_normal_C5Q1L2G9";156;5;"normal";1688.52807078637;807.794877905817;0.00228771578386194;0.0881286657185139
"C5Q1L2G9";"kplus";"N156_M5_normal_C5Q1L2G9";156;5;"normal";1698.17767640271;807.788190207367;0.00506636857809305;0.00155339646232218
"C5Q1L2G9";"random";"N156_M5_normal_C5Q1L2G9";156;5;"normal";1692.90905644389;805.232954605092;0.0863158883130723;0.0708040091804801
"C6S5W8L3";"ace-exchange";"N120_M8_uniform_C6S5W8L3";120;8;"uniform";5.10598774762732;75.8826098983806;0.00451548580846671;0.00707758649983585
"C6S5W8L3";"k-means-exchange";"N120_M8_uniform_C6S5W8L3";120;8;"uniform";5.09017343456973;75.8897450289378;0.00249004846118625;0.0127783246074554
"C6S5W8L3";"kplus";"N120_M8_uniform_C6S5W8L3";120;8;"uniform";5.10970060423125;75.8871202828577;0.00397352946893077;0.00466242392637967
"C6S5W8L3";"random";"N120_M8_uniform_C6S5W8L3";120;8;"uniform";5.04979042714247;75.6663022358565;0.0247082436743464;0.0263825055109986
"D1T2Z8C6";"ace-exchange";"N264_M5_uniform_D1T2Z8C6";264;5;"uniform";7.27362934736675;111.071314365271;0.00161078672108211;0.00195617874334412
"D1T2Z8C6";"k-means-exchange";"N264_M5_uniform_D1T2Z8C6";264;5;"uniform";7.23045103944665;111.072477849204;0.000307623450079864;0.0137478868267143
"D1T2Z8C6";"kplus";"N264_M5_uniform_D1T2Z8C6";264;5;"uniform";7.27445034306802;111.07244148855;0.000390747225504706;0.000675528552745508
"D1T2Z8C6";"random";"N264_M5_uniform_D1T2Z8C6";264;5;"uniform";7.21292710595331;111.025042281847;0.00978606446843706;0.0222171624002482
"E0K5N2F3";"ace-exchange";"N288_M3_normal_E0K5N2F3";288;3;"normal";1525.04939915127;787.586350132505;0.00198281670707632;0.00743550003499815
"E0K5N2F3";"k-means-exchange";"N288_M3_normal_E0K5N2F3";288;3;"normal";1505.77168300151;787.587303537602;0.00033889789089503;0.11066673369509
"E0K5N2F3";"kplus";"N288_M3_normal_E0K5N2F3";288;3;"normal";1525.1240857803;787.587255135137;0.000533372187445483;0.00036947056643107
"E0K5N2F3";"random";"N288_M3_normal_E0K5N2F3";288;3;"normal";1520.62172714549;786.812306073094;0.0584347767483092;0.0686615184504338
"E1J5N8V0";"ace-exchange";"N276_M1_normal_E1J5N8V0";276;1;"normal";713.53706220276;290.139540573507;0.000805195158847451;0.0196632720804759
"E1J5N8V0";"k-means-exchange";"N276_M1_normal_E1J5N8V0";276;1;"normal";701.439904413494;290.139585308915;6.40390461145723e-08;0.206925265363922
"E1J5N8V0";"kplus";"N276_M1_normal_E1J5N8V0";276;1;"normal";713.648419922651;290.139585308794;1.32615537964259e-06;9.46061532225428e-07
"E1J5N8V0";"random";"N276_M1_normal_E1J5N8V0";276;1;"normal";711.992629352463;289.767535500439;0.0734304174698128;0.0759194705476399
"E2X6S3P7";"ace-exchange";"N192_M3_uniform_E2X6S3P7";192;3;"uniform";3.06167346580647;45.5994311881023;0.000911806918641881;0.00301624138448601
"E2X6S3P7";"k-means-exchange";"N192_M3_uniform_E2X6S3P7";192;3;"uniform";3.02789124992963;45.5995693423795;1.65276659471377e-05;0.025067210018983
"E2X6S3P7";"kplus";"N192_M3_uniform_E2X6S3P7";192;3;"uniform";3.06223653458955;45.5995600277551;0.000174378850109199;0.000679041797465474
"E2X6S3P7";"random";"N192_M3_uniform_E2X6S3P7";192;3;"uniform";3.04673340299384;45.5087308217473;0.0210905679527463;0.0119944408242317
"E3L5H1O6";"ace-exchange";"N192_M8_normal-wide_E3L5H1O6";192;8;"normal-wide";53077.0830466235;6319.77548050401;0.0133466778009947;0.100325224239031
"E3L5H1O6";"k-means-exchange";"N192_M8_normal-wide_E3L5H1O6";192;8;"normal-wide";53006.2774861649;6319.8188324038;0.0102453751842781;0.121764030780445
"E3L5H1O6";"kplus";"N192_M8_normal-wide_E3L5H1O6";192;8;"normal-wide";53144.3224851808;6319.70228221182;0.0184902580093934;0.00638715052920766
"E3L5H1O6";"random";"N192_M8_normal-wide_E3L5H1O6";192;8;"normal-wide";52890.1309009704;6305.42346813619;0.161156634768036;0.176132380992127
"E7J0Y3X2";"ace-exchange";"N216_M4_uniform_E7J0Y3X2";216;4;"uniform";4.82997073299776;75.5064522335445;0.00140097066576821;0.00167158444367775
"E7J0Y3X2";"k-means-exchange";"N216_M4_uniform_E7J0Y3X2";216;4;"uniform";4.81355730240015;75.5069190558186;0.000267834449510299;0.0098435188970187
"E7J0Y3X2";"kplus";"N216_M4_uniform_E7J0Y3X2";216;4;"uniform";4.8303158827375;75.5068690247272;0.000388271773031357;0.000502130523623384
"E7J0Y3X2";"random";"N216_M4_uniform_E7J0Y3X2";216;4;"uniform";4.82318966377624;74.7036427242646;0.0503822742110868;0.00927768984300756
"E7V1M5I3";"ace-exchange";"N228_M1_normal_E7V1M5I3";228;1;"normal";494.198475504571;228.809177006275;0.000830661579174885;0.0174042538608659
"E7V1M5I3";"k-means-exchange";"N228_M1_normal_E7V1M5I3";228;1;"normal";492.274099162541;228.809216336199;2.2510652467056e-08;0.0938448866964058
"E7V1M5I3";"kplus";"N228_M1_normal_E7V1M5I3";228;1;"normal";494.267170542;228.809216335965;2.02615966070352e-06;2.60558543629941e-07
"E7V1M5I3";"random";"N228_M1_normal_E7V1M5I3";228;1;"normal";493.458880780598;228.093845818499;0.112028389079036;0.0598180856557228
"F0T2C1K7";"ace-exchange";"N36_M9_normal_F0T2C1K7";36;9;"normal";582.705440699845;305.505347613185;0.0802285461105408;0.174908530118375
"F0T2C1K7";"k-means-exchange";"N36_M9_normal_F0T2C1K7";36;9;"normal";572.837642942421;306.143470399772;0.0435473196236984;0.258295813576988
"F0T2C1K7";"kplus";"N36_M9_normal_F0T2C1K7";36;9;"normal";592.467462125986;305.58471976345;0.0794143058444547;0.035646853522147
"F0T2C1K7";"random";"N36_M9_normal_F0T2C1K7";36;9;"normal";584.957199746801;292.07860529548;0.293799530836255;0.139671280554463
"F2Y1M9R8";"ace-exchange";"N72_M2_normal-wide_F2Y1M9R8";72;2;"normal-wide";4502.43021093089;543.16514157766;0.040051608207193;0.0889940459545575
"F2Y1M9R8";"k-means-exchange";"N72_M2_normal-wide_F2Y1M9R8";72;2;"normal-wide";4445.88536772895;543.22867311174;0.000836343625380979;0.301134608474307
"F2Y1M9R8";"kplus";"N72_M2_normal-wide_F2Y1M9R8";72;2;"normal-wide";4506.64233563841;543.227944660537;0.00457883183217015;0.000433182413022815
"F2Y1M9R8";"random";"N72_M2_normal-wide_F2Y1M9R8";72;2;"normal-wide";4354.80982571688;535.223051496814;0.376776793614308;0.471417652299815
"F5H0P8M1";"ace-exchange";"N228_M3_uniform_F5H0P8M1";228;3;"uniform";3.82350557690029;57.2273086236501;0.000684612242733695;0.00127808973391543
"F5H0P8M1";"k-means-exchange";"N228_M3_uniform_F5H0P8M1";228;3;"uniform";3.81027884679574;57.2273903520442;0.000107166624208658;0.0132935149871162
"F5H0P8M1";"kplus";"N228_M3_uniform_F5H0P8M1";228;3;"uniform";3.82359009010408;57.2273920569739;6.54409165706989e-05;0.00050947538070123
"F5H0P8M1";"random";"N228_M3_uniform_F5H0P8M1";228;3;"uniform";3.80744568310984;56.4231964465513;0.065980310539568;0.0106078530749712
"F9S2R7A0";"ace-exchange";"N132_M1_normal-wide_F9S2R7A0";132;1;"normal-wide";4545.80849291699;569.788264663251;0.0342499955533452;0.0565567291218394
"F9S2R7A0";"k-means-exchange";"N132_M1_normal-wide_F9S2R7A0";132;1;"normal-wide";4465.60489527382;569.826975714123;6.91321051736471e-06;0.383865124340828
"F9S2R7A0";"kplus";"N132_M1_normal-wide_F9S2R7A0";132;1;"normal-wide";4547.6031117466;569.826975613035;5.57768303373445e-05;1.41962081428026e-05
"F9S2R7A0";"random";"N132_M1_normal-wide_F9S2R7A0";132;1;"normal-wide";4536.89470814401;561.455144577263;0.5036783226226;0.139239982085046
"G0S5D8F7";"ace-exchange";"N168_M9_uniform_G0S5D8F7";168;9;"uniform";8.39604359081678;126.456204192809;0.00282454944434996;0.00718481183057562
"G0S5D8F7";"k-means-exchange";"N168_M9_uniform_G0S5D8F7";168;9;"uniform";8.35542038950995;126.459032294072;0.0019964718958363;0.0166267222077479
"G0S5D8F7";"kplus";"N168_M9_uniform_G0S5D8F7";168;9;"uniform";8.4000388280961;126.458094673318;0.00219179427241366;0.00490178622453134
"G0S5D8F7";"random";"N168_M9_uniform_G0S5D8F7";168;9;"uniform";8.3553569870666;126.152226165013;0.0196215262539222;0.0181922222604253
"G1K3X8W7";"ace-exchange";"N276_M3_normal_G1K3X8W7";276;3;"normal";1377.85169762168;785.523539053617;0.00308934914750392;0.00785375400011908
"G1K3X8W7";"k-means-exchange";"N276_M3_normal_G1K3X8W7";276;3;"normal";1374.2943654141;785.526578187851;0.00015646264132157;0.0619205884552128
"G1K3X8W7";"kplus";"N276_M3_normal_G1K3X8W7";276;3;"normal";1377.90567012084;785.526508136563;0.000564556546001688;0.00019436405594823
"G1K3X8W7";"random";"N276_M3_normal_G1K3X8W7";276;3;"normal";1371.02542991304;784.657580173752;0.0575455167337309;0.0881612038427823
"G2M1X9Z6";"ace-exchange";"N120_M5_normal_G2M1X9Z6";120;5;"normal";1299.09483756546;595.252357361927;0.0214579103858483;0.0499185436691953
"G2M1X9Z6";"k-means-exchange";"N120_M5_normal_G2M1X9Z6";120;5;"normal";1298.74291063162;595.330106504525;0.00383394677913151;0.0463577007185557
"G2M1X9Z6";"kplus";"N120_M5_normal_G2M1X9Z6";120;5;"normal";1301.35528447671;595.316244337162;0.00858624129653142;0.00273467278651625
"G2M1X9Z6";"random";"N120_M5_normal_G2M1X9Z6";120;5;"normal";1289.43575506516;584.845464571947;0.222803765565435;0.131635360028
"G2W5T7K4";"ace-exchange";"N72_M10_normal_G2W5T7K4";72;10;"normal";1216.46875794201;675.460996669583;0.0236439917982133;0.0692338358827809
"G2W5T7K4";"k-means-exchange";"N72_M10_normal_G2W5T7K4";72;10;"normal";1206.31225420452;675.476265920174;0.0217679691857692;0.140361019151541
"G2W5T7K4";"kplus";"N72_M10_normal_G2W5T7K4";72;10;"normal";1221.32670414431;675.414042520852;0.0245482778998316;0.0236134626461022
"G2W5T7K4";"random";"N72_M10_normal_G2W5T7K4";72;10;"normal";1211.18887933848;660.802704006773;0.233975293417976;0.105738534394993
"G4O0P6X3";"ace-exchange";"N48_M7_normal_G4O0P6X3";48;7;"normal";614.517888326942;317.488373301486;0.0279240325621719;0.0857407000284619
"G4O0P6X3";"k-means-exchange";"N48_M7_normal_G4O0P6X3";48;7;"normal";607.268244395136;317.527204542776;0.0244073439931467;0.129491192882359
"G4O0P6X3";"kplus";"N48_M7_normal_G4O0P6X3";48;7;"normal";617.834246598317;317.290109466126;0.0496554870805216;0.0293607960403319
"G4O0P6X3";"random";"N48_M7_normal_G4O0P6X3";48;7;"normal";607.951535889768;303.545407734973;0.384364377901652;0.154220237455708
"G7R2I5O0";"ace-exchange";"N252_M6_normal-wide_G7R2I5O0";252;6;"normal-wide";53854.2724673109;6083.43169000482;0.0109498651394138;0.0716690254039078
"G7R2I5O0";"k-means-exchange";"N252_M6_normal-wide_G7R2I5O0";252;6;"normal-wide";53562.4428544996;6083.50093714553;0.00418650090296252;0.164137647351626
"G7R2I5O0";"kplus";"N252_M6_normal-wide_G7R2I5O0";252;6;"normal-wide";53890.3268330228;6083.44978408978;0.0105499344885322;0.00227996444669099
"G7R2I5O0";"random";"N252_M6_normal-wide_G7R2I5O0";252;6;"normal-wide";53649.95116073;6034.12033856669;0.243055768176307;0.161869725161453
"G7V4P5A9";"ace-exchange";"N120_M4_uniform_G7V4P5A9";120;4;"uniform";2.72860750731331;37.7360613671214;0.0023735177353956;0.00574737278745156
"G7V4P5A9";"k-means-exchange";"N120_M4_uniform_G7V4P5A9";120;4;"uniform";2.70887165596948;37.7370031349795;0.00065371132805013;0.0232196387167899
"G7V4P5A9";"kplus";"N120_M4_uniform_G7V4P5A9";120;4;"uniform";2.72994965795691;37.7370229651347;0.00056589633847276;0.0025438824069704
"G7V4P5A9";"random";"N120_M4_uniform_G7V4P5A9";120;4;"uniform";2.71598400205844;37.6230630672743;0.0274741625665532;0.0153060920446294
"H2E3C7J5";"ace-exchange";"N180_M10_normal-wide_H2E3C7J5";180;10;"normal-wide";62073.6694889059;7343.32553767271;0.0251200469238763;0.112137456382609
"H2E3C7J5";"k-means-exchange";"N180_M10_normal-wide_H2E3C7J5";180;10;"normal-wide";61910.7278703438;7343.5857069652;0.0142004698920821;0.190491478350032
"H2E3C7J5";"kplus";"N180_M10_normal-wide_H2E3C7J5";180;10;"normal-wide";62192.3582730532;7342.72529126393;0.030161124422471;0.00652069385815992
"H2E3C7J5";"random";"N180_M10_normal-wide_H2E3C7J5";180;10;"normal-wide";61823.9464660248;7292.86689477659;0.281637041969814;0.167990058135648
"H3O6X4M8";"ace-exchange";"N192_M10_normal_H3O6X4M8";192;10;"normal";3781.2753231107;1945.47784022547;0.00956084070391826;0.0443094356708956
"H3O6X4M8";"k-means-exchange";"N192_M10_normal_H3O6X4M8";192;10;"normal";3756.89602292204;1945.51257439632;0.00564388424483474;0.109738840121883
"H3O6X4M8";"kplus";"N192_M10_normal_H3O6X4M8";192;10;"normal";3787.38992107824;1945.49054925006;0.00776769989175936;0.00540844961601205
"H3O6X4M8";"random";"N192_M10_normal_H3O6X4M8";192;10;"normal";3763.65919747305;1936.52464977396;0.111538149137296;0.0861818936442277
"H4K8R9G0";"ace-exchange";"N264_M5_normal-wide_H4K8R9G0";264;5;"normal-wide";42303.1808820897;5322.19504173261;0.00810059127809269;0.0409163732406744
"H4K8R9G0";"k-means-exchange";"N264_M5_normal-wide_H4K8R9G0";264;5;"normal-wide";42266.1596778656;5322.22920937624;0.00164906137900289;0.0841834059908738
"H4K8R9G0";"kplus";"N264_M5_normal-wide_H4K8R9G0";264;5;"normal-wide";42316.8385869576;5322.20752708326;0.00695949358774248;0.00133958920290067
"H4K8R9G0";"random";"N264_M5_normal-wide_H4K8R9G0";264;5;"normal-wide";42134.0162192354;5321.67908902511;0.0392602849484444;0.171594893850341
"H5J4T3W7";"ace-exchange";"N144_M10_normal-wide_H5J4T3W7";144;10;"normal-wide";42879.2571694939;5615.7102923809;0.0332699447978973;0.0794522912345215
"H5J4T3W7";"k-means-exchange";"N144_M10_normal-wide_H5J4T3W7";144;10;"normal-wide";42695.3997701027;5616.10593960057;0.014782110648759;0.157805857137018
"H5J4T3W7";"kplus";"N144_M10_normal-wide_H5J4T3W7";144;10;"normal-wide";42922.1949485957;5615.75206228507;0.0248241706361068;0.0101771408415938
"H5J4T3W7";"random";"N144_M10_normal-wide_H5J4T3W7";144;10;"normal-wide";42604.1669352505;5584.27945209723;0.211060524710808;0.213511526315808
"H8M5Q0X9";"ace-exchange";"N36_M8_uniform_H8M5Q0X9";36;8;"uniform";1.70626817337771;23.8698221489862;0.0111436100721928;0.0247863846278717
"H8M5Q0X9";"k-means-exchange";"N36_M8_uniform_H8M5Q0X9";36;8;"uniform";1.70676052920461;23.8648660381021;0.0128010062229198;0.0240056868249774
"H8M5Q0X9";"kplus";"N36_M8_uniform_H8M5Q0X9";36;8;"uniform";1.6997132299323;23.86721881389;0.0113519942226251;0.0228067555467911
"H8M5Q0X9";"random";"N36_M8_uniform_H8M5Q0X9";36;8;"uniform";1.69080102841312;23.2763626154307;0.0663764576537586;0.0268518336685037
"H9Q0B3R5";"ace-exchange";"N216_M6_uniform_H9Q0B3R5";216;6;"uniform";6.99057303373549;102.436305328098;0.00202789963266153;0.00402856022099037
"H9Q0B3R5";"k-means-exchange";"N216_M6_uniform_H9Q0B3R5";216;6;"uniform";6.95410702749641;102.438041465883;0.000685124030698943;0.0133403962109234
"H9Q0B3R5";"kplus";"N216_M6_uniform_H9Q0B3R5";216;6;"uniform";6.99230288518107;102.438005685895;0.000802291435747217;0.00126749828237239
"H9Q0B3R5";"random";"N216_M6_uniform_H9Q0B3R5";216;6;"uniform";6.97528055632296;102.371033324584;0.0108257232105969;0.0106570573570641
"H9Z0D4O2";"ace-exchange";"N168_M8_normal_H9Z0D4O2";168;8;"normal";3221.50259750561;1427.73632418911;0.0104319177240119;0.041947228106263
"H9Z0D4O2";"k-means-exchange";"N168_M8_normal_H9Z0D4O2";168;8;"normal";3192.77093654804;1427.79304743998;0.0035089262860065;0.106229514031889
"H9Z0D4O2";"kplus";"N168_M8_normal_H9Z0D4O2";168;8;"normal";3225.53106059384;1427.74167533629;0.0104024379729984;0.00280484926186557
"H9Z0D4O2";"random";"N168_M8_normal_H9Z0D4O2";168;8;"normal";3209.49381097644;1407.19853678829;0.228044528846109;0.0944671727603655
"I3A4S2P8";"ace-exchange";"N120_M7_uniform_I3A4S2P8";120;7;"uniform";4.4820327875891;68.2765208581044;0.00347885661592172;0.0101760987524846
"I3A4S2P8";"k-means-exchange";"N120_M7_uniform_I3A4S2P8";120;7;"uniform";4.46484434633859;68.2793662829294;0.0013591012446254;0.0190271893101098
"I3A4S2P8";"kplus";"N120_M7_uniform_I3A4S2P8";120;7;"uniform";4.49076029411069;68.2787310108856;0.00207377470353444;0.00393797372109449
"I3A4S2P8";"random";"N120_M7_uniform_I3A4S2P8";120;7;"uniform";4.47024233867741;67.8900109365822;0.0399735650962352;0.0154759861630144
"I3B9M7X2";"ace-exchange";"N240_M1_normal_I3B9M7X2";240;1;"normal";408.002625718423;230.709395064621;0.00423288409982053;0.00677027320694312
"I3B9M7X2";"k-means-exchange";"N240_M1_normal_I3B9M7X2";240;1;"normal";408.004483508662;230.710470103088;1.31642570622148e-07;0.00614134090475538
"I3B9M7X2";"kplus";"N240_M1_normal_I3B9M7X2";240;1;"normal";408.013112404086;230.710470103088;1.46833126574153e-07;2.528661586787e-07
"I3B9M7X2";"random";"N240_M1_normal_I3B9M7X2";240;1;"normal";407.309594022825;229.93581606384;0.113626144236932;0.0555680465832179
"I5L0M3N8";"ace-exchange";"N156_M4_normal_I5L0M3N8";156;4;"normal";1299.5946882237;640.900679244148;0.00608158149962323;0.025166739695527
"I5L0M3N8";"k-means-exchange";"N156_M4_normal_I5L0M3N8";156;4;"normal";1292.78425854183;640.908876443669;0.00177150436013582;0.0926025604318405
"I5L0M3N8";"kplus";"N156_M4_normal_I5L0M3N8";156;4;"normal";1300.00647241774;640.906030729197;0.00446351920194503;0.00182913643357047
"I5L0M3N8";"random";"N156_M4_normal_I5L0M3N8";156;4;"normal";1284.37678622912;637.275001162014;0.13443366688138;0.154236789113326
"I5L3M7C8";"ace-exchange";"N60_M1_normal-wide_I5L3M7C8";60;1;"normal-wide";2626.95936429148;275.406711453585;0.0371101515516319;0.106580612528848
"I5L3M7C8";"k-means-exchange";"N60_M1_normal-wide_I5L3M7C8";60;1;"normal-wide";2390.67787909599;275.427368660325;0.00012740551615037;0.972579096996793
"I5L3M7C8";"kplus";"N60_M1_normal-wide_I5L3M7C8";60;1;"normal-wide";2629.98173267002;275.427359623904;0.000786549569927852;0.000111379082780694
"I5L3M7C8";"random";"N60_M1_normal-wide_I5L3M7C8";60;1;"normal-wide";2619.74658910574;270.294905960308;0.58494802866007;0.198128748650436
"J0N8Y5W3";"ace-exchange";"N96_M3_normal-wide_J0N8Y5W3";96;3;"normal-wide";7460.98979239675;1046.4922928025;0.0233925095815053;0.0562768874873923
"J0N8Y5W3";"k-means-exchange";"N96_M3_normal-wide_J0N8Y5W3";96;3;"normal-wide";7388.38499605349;1046.55192009445;0.000758886802812164;0.265699204076143
"J0N8Y5W3";"kplus";"N96_M3_normal-wide_J0N8Y5W3";96;3;"normal-wide";7465.39144002679;1046.54508745931;0.00917230342874466;0.00183218546228003
"J0N8Y5W3";"random";"N96_M3_normal-wide_J0N8Y5W3";96;3;"normal-wide";7266.44399293305;1043.07453873955;0.170457723200866;0.449759462893848
"J3C4L7H2";"ace-exchange";"N84_M4_normal-wide_J3C4L7H2";84;4;"normal-wide";12892.046103346;1455.34486286734;0.0218007708765967;0.0884196126740536
"J3C4L7H2";"k-means-exchange";"N84_M4_normal-wide_J3C4L7H2";84;4;"normal-wide";12821.2546238337;1455.40533797557;0.00876910778000474;0.224661846410415
"J3C4L7H2";"kplus";"N84_M4_normal-wide_J3C4L7H2";84;4;"normal-wide";12906.5260900479;1455.40646754275;0.00854073551805777;0.00596625252091193
"J3C4L7H2";"random";"N84_M4_normal-wide_J3C4L7H2";84;4;"normal-wide";12750.2730290915;1445.4166768392;0.271646578415296;0.314768967880692
"J4M7S2N1";"ace-exchange";"N72_M3_uniform_J4M7S2N1";72;3;"uniform";1.173172639568;17.2006248510728;0.00101227092953332;0.00687995308968029
"J4M7S2N1";"k-means-exchange";"N72_M3_uniform_J4M7S2N1";72;3;"uniform";1.15271889275359;17.2007004114362;0.000966234628490603;0.0334897418711083
"J4M7S2N1";"kplus";"N72_M3_uniform_J4M7S2N1";72;3;"uniform";1.17416471516289;17.200699586462;0.000968462102011662;0.00199629770402972
"J4M7S2N1";"random";"N72_M3_uniform_J4M7S2N1";72;3;"uniform";1.16830571858873;17.058152765687;0.0474631248981933;0.0131553436802454
"J5R6V4I3";"ace-exchange";"N192_M3_normal_J5R6V4I3";192;3;"normal";875.457823122388;536.280242129125;0.00291574087546402;0.0141153011942328
"J5R6V4I3";"k-means-exchange";"N192_M3_normal_J5R6V4I3";192;3;"normal";874.818959781347;536.281852376583;0.000579038315661685;0.0382099789368857
"J5R6V4I3";"kplus";"N192_M3_normal_J5R6V4I3";192;3;"normal";875.617877365808;536.281824895061;0.000595069528304705;0.00023289735787461
"J5R6V4I3";"random";"N192_M3_normal_J5R6V4I3";192;3;"normal";874.57680577951;535.211291267242;0.0814806496747648;0.0371960023073457
"J5T0U8F1";"ace-exchange";"N264_M9_normal-wide_J5T0U8F1";264;9;"normal-wide";77060.1075679822;9662.55980300728;0.0111229301320951;0.0334714027995956
"J5T0U8F1";"k-means-exchange";"N264_M9_normal-wide_J5T0U8F1";264;9;"normal-wide";76789.1197145772;9662.63014506032;0.00610179569980413;0.162401959559056
"J5T0U8F1";"kplus";"N264_M9_normal-wide_J5T0U8F1";264;9;"normal-wide";77083.9960163794;9662.48798770076;0.0153210198824519;0.00457206618578125
"J5T0U8F1";"random";"N264_M9_normal-wide_J5T0U8F1";264;9;"normal-wide";76760.7093820585;9608.27879448671;0.270713493370393;0.159960938457454
"J8E0R2H1";"ace-exchange";"N276_M6_normal-wide_J8E0R2H1";276;6;"normal-wide";46381.5829638082;6107.7835285209;0.0132020678396353;0.0482372833276326
"J8E0R2H1";"k-means-exchange";"N276_M6_normal-wide_J8E0R2H1";276;6;"normal-wide";46230.5222913662;6107.86119019796;0.00340821403623562;0.148243518674559
"J8E0R2H1";"kplus";"N276_M6_normal-wide_J8E0R2H1";276;6;"normal-wide";46398.1404875231;6107.85212314495;0.00498847923533105;0.00153215151739616
"J8E0R2H1";"random";"N276_M6_normal-wide_J8E0R2H1";276;6;"normal-wide";46283.1051693432;6079.70182581729;0.206373394516632;0.101814478024197
"J8V3M9O0";"ace-exchange";"N252_M9_normal-wide_J8V3M9O0";252;9;"normal-wide";71404.1586323706;9025.45804107833;0.0157054273447672;0.0381445534939962
"J8V3M9O0";"k-means-exchange";"N252_M9_normal-wide_J8V3M9O0";252;9;"normal-wide";71201.3694224548;9025.64312398514;0.00638351193468103;0.118089761193667
"J8V3M9O0";"kplus";"N252_M9_normal-wide_J8V3M9O0";252;9;"normal-wide";71427.0909726995;9025.26636999313;0.0212255131586954;0.00434126250868822
"J8V3M9O0";"random";"N252_M9_normal-wide_J8V3M9O0";252;9;"normal-wide";71137.1177709107;9017.9705089762;0.0975635287160161;0.165166117485878
"K3V1Y9A0";"ace-exchange";"N72_M3_uniform_K3V1Y9A0";72;3;"uniform";1.37898666275494;18.4254605560501;0.00368986801994549;0.00598639577871311
"K3V1Y9A0";"k-means-exchange";"N72_M3_uniform_K3V1Y9A0";72;3;"uniform";1.35888162904199;18.4263903136693;0.00162690936768835;0.0318480987046207
"K3V1Y9A0";"kplus";"N72_M3_uniform_K3V1Y9A0";72;3;"uniform";1.37970394016238;18.4264256520665;0.000999726128712723;0.00120198446044019
"K3V1Y9A0";"random";"N72_M3_uniform_K3V1Y9A0";72;3;"uniform";1.36551444854173;18.3239385958107;0.0367685861915729;0.023237273323189
"K9V3Y1O8";"ace-exchange";"N72_M10_normal_K9V3Y1O8";72;10;"normal";1646.10838234074;753.979797535695;0.0249322456935756;0.0753004353611975
"K9V3Y1O8";"k-means-exchange";"N72_M10_normal_K9V3Y1O8";72;10;"normal";1628.01284876403;754.064246189118;0.0158416988924659;0.153677142389683
"K9V3Y1O8";"kplus";"N72_M10_normal_K9V3Y1O8";72;10;"normal";1652.56002315259;753.643844542085;0.0461117727333527;0.0154178106304723
"K9V3Y1O8";"random";"N72_M10_normal_K9V3Y1O8";72;10;"normal";1636.10640615056;750.678062405492;0.116207278879187;0.122708515867675
"L1P8I2Z7";"ace-exchange";"N36_M10_normal-wide_L1P8I2Z7";36;10;"normal-wide";8609.80940635281;1304.19523084434;0.178747426555793;0.357582345715349
"L1P8I2Z7";"k-means-exchange";"N36_M10_normal-wide_L1P8I2Z7";36;10;"normal-wide";8409.74037212521;1307.31844805313;0.0756569482476832;0.45042555536174
"L1P8I2Z7";"kplus";"N36_M10_normal-wide_L1P8I2Z7";36;10;"normal-wide";8835.20240297576;1300.91633287821;0.256766400458154;0.0726147226731226
"L1P8I2Z7";"random";"N36_M10_normal-wide_L1P8I2Z7";36;10;"normal-wide";8755.63510409726;1281.87406591688;0.389807901463704;0.20582260575166
"L5K6I8W2";"ace-exchange";"N264_M8_normal-wide_L5K6I8W2";264;8;"normal-wide";65471.9257966886;8053.38917252321;0.00693461211742876;0.0544242079962435
"L5K6I8W2";"k-means-exchange";"N264_M8_normal-wide_L5K6I8W2";264;8;"normal-wide";65149.2235480219;8053.40103120913;0.00654555032172614;0.175214278328678
"L5K6I8W2";"kplus";"N264_M8_normal-wide_L5K6I8W2";264;8;"normal-wide";65503.4833555067;8053.33240639357;0.0100991309691682;0.00413235637377657
"L5K6I8W2";"random";"N264_M8_normal-wide_L5K6I8W2";264;8;"normal-wide";65325.0591684744;8006.62285373751;0.255809331408631;0.119439618008056
"M1R8N9W2";"ace-exchange";"N72_M5_normal_M1R8N9W2";72;5;"normal";589.80834831352;338.856450701501;0.021343072210564;0.0378127091105822
"M1R8N9W2";"k-means-exchange";"N72_M5_normal_M1R8N9W2";72;5;"normal";576.954776125182;338.897788193128;0.0105643513254442;0.161285939558411
"M1R8N9W2";"kplus";"N72_M5_normal_M1R8N9W2";72;5;"normal";590.665063478513;338.903927463165;0.00817923423981955;0.011460334078914
"M1R8N9W2";"random";"N72_M5_normal_M1R8N9W2";72;5;"normal";584.501268073779;335.286789732121;0.14118563721449;0.0977565025127308
"M3Z1K7Y4";"ace-exchange";"N132_M10_uniform_M3Z1K7Y4";132;10;"uniform";6.98126212788828;103.320430771399;0.00315576170705202;0.0133941878375101
"M3Z1K7Y4";"k-means-exchange";"N132_M10_uniform_M3Z1K7Y4";132;10;"uniform";6.99271149587253;103.323273872432;0.0025695258084769;0.00769271157812642
"M3Z1K7Y4";"kplus";"N132_M10_uniform_M3Z1K7Y4";132;10;"uniform";7.00005890566509;103.319212147287;0.00433357502227983;0.0033279188418913
"M3Z1K7Y4";"random";"N132_M10_uniform_M3Z1K7Y4";132;10;"uniform";6.94010807041841;102.400425209465;0.0377026234397129;0.0221321448244967
"M4U3D6K0";"ace-exchange";"N48_M6_normal-wide_M4U3D6K0";48;6;"normal-wide";10313.5963462558;1050.05170801913;0.0783205515504335;0.264889792525653
"M4U3D6K0";"k-means-exchange";"N48_M6_normal-wide_M4U3D6K0";48;6;"normal-wide";10324.2542325078;1050.54386379358;0.0349122243969328;0.302179298873578
"M4U3D6K0";"kplus";"N48_M6_normal-wide_M4U3D6K0";48;6;"normal-wide";10439.5019737986;1048.2341099246;0.147215315175812;0.0310745676942657
"M4U3D6K0";"random";"N48_M6_normal-wide_M4U3D6K0";48;6;"normal-wide";10303.7388753562;1026.21009756537;0.502333694128258;0.320441917441824
"M6P8T4O1";"ace-exchange";"N72_M7_uniform_M6P8T4O1";72;7;"uniform";2.78898590597113;42.4822478089352;0.00638220409422903;0.013747963616426
"M6P8T4O1";"k-means-exchange";"N72_M7_uniform_M6P8T4O1";72;7;"uniform";2.77945921800423;42.485435167249;0.00558259474974685;0.0179398433316722
"M6P8T4O1";"kplus";"N72_M7_uniform_M6P8T4O1";72;7;"uniform";2.7953592484382;42.4866104102715;0.00418423914576011;0.00551133426900401
"M6P8T4O1";"random";"N72_M7_uniform_M6P8T4O1";72;7;"uniform";2.76368709753463;42.2318649567029;0.030316004401169;0.0235086761231902
"M8X7J9T3";"ace-exchange";"N240_M5_normal_M8X7J9T3";240;5;"normal";2529.70064508655;1242.6613111955;0.00493267796702375;0.017386024632819
"M8X7J9T3";"k-means-exchange";"N240_M5_normal_M8X7J9T3";240;5;"normal";2518.85065362363;1242.67285183001;0.00134554649344471;0.0832622668241384
"M8X7J9T3";"kplus";"N240_M5_normal_M8X7J9T3";240;5;"normal";2530.06817997117;1242.67006906468;0.00288272452369175;0.0022066538472699
"M8X7J9T3";"random";"N240_M5_normal_M8X7J9T3";240;5;"normal";2515.81154016509;1240.95071414672;0.0679738578815806;0.0840209750963784
"M9P5U7B2";"ace-exchange";"N96_M8_normal-wide_M9P5U7B2";96;8;"normal-wide";24174.6072135005;3101.24359437177;0.0603707247357638;0.0980230286673887
"M9P5U7B2";"k-means-exchange";"N96_M8_normal-wide_M9P5U7B2";96;8;"normal-wide";24138.9034947117;3101.99540641649;0.0210678128643787;0.133177436485172
"M9P5U7B2";"kplus";"N96_M8_normal-wide_M9P5U7B2";96;8;"normal-wide";24224.5160359521;3100.64163123577;0.0661408088381213;0.00967904895485677
"M9P5U7B2";"random";"N96_M8_normal-wide_M9P5U7B2";96;8;"normal-wide";24049.1119769453;3056.45673843234;0.380436046111633;0.218291831826223
"N1J6S9A4";"ace-exchange";"N264_M8_uniform_N1J6S9A4";264;8;"uniform";11.7280939334514;174.908960632808;0.00235222802725867;0.00488173190318855
"N1J6S9A4";"k-means-exchange";"N264_M8_uniform_N1J6S9A4";264;8;"uniform";11.6461767742249;174.911999574835;0.00108038915861856;0.0199353570300119
"N1J6S9A4";"kplus";"N264_M8_uniform_N1J6S9A4";264;8;"uniform";11.7335634868457;174.911892095382;0.00115194025464446;0.00176988624839663
"N1J6S9A4";"random";"N264_M8_uniform_N1J6S9A4";264;8;"uniform";11.6925523412331;173.930671944064;0.0344706601483102;0.0132565452914512
"N7F5I3V6";"ace-exchange";"N252_M5_normal-wide_N7F5I3V6";252;5;"normal-wide";46141.8591812371;5250.17310230317;0.0115911796746893;0.0476631812353672
"N7F5I3V6";"k-means-exchange";"N252_M5_normal-wide_N7F5I3V6";252;5;"normal-wide";46062.9860022244;5250.24439369146;0.00290856077949043;0.12736461027168
"N7F5I3V6";"kplus";"N252_M5_normal-wide_N7F5I3V6";252;5;"normal-wide";46162.4362025126;5250.22841339956;0.00678550534282637;0.0023399209483153
"N7F5I3V6";"random";"N252_M5_normal-wide_N7F5I3V6";252;5;"normal-wide";46126.3045534076;5230.31490243412;0.212124302699729;0.0769901995738974
"N9G0R1F8";"ace-exchange";"N192_M4_uniform_N9G0R1F8";192;4;"uniform";4.53077547313547;64.0444862909241;0.00159288283005786;0.00317804792311087
"N9G0R1F8";"k-means-exchange";"N192_M4_uniform_N9G0R1F8";192;4;"uniform";4.53082619503484;64.0453700551717;0.0003458000185977;0.00307805504023097
"N9G0R1F8";"kplus";"N192_M4_uniform_N9G0R1F8";192;4;"uniform";4.53190870109983;64.0453608717736;0.000422906324577838;0.000692363111819971
"N9G0R1F8";"random";"N192_M4_uniform_N9G0R1F8";192;4;"uniform";4.52671106502173;63.5859717913521;0.0439557444454598;0.00748596024778009
"N9O1X7L5";"ace-exchange";"N204_M1_uniform_N9O1X7L5";204;1;"uniform";1.21551442416601;17.9354969176278;0.00125115017370125;8.42042514337393e-06
"N9O1X7L5";"k-means-exchange";"N204_M1_uniform_N9O1X7L5";204;1;"uniform";1.21143687008005;17.9355767518389;2.62441223142229e-07;0.0151573113068902
"N9O1X7L5";"kplus";"N204_M1_uniform_N9O1X7L5";204;1;"uniform";1.2155144254235;17.9355767518003;9.08190165405109e-07;3.12298664373323e-07
"N9O1X7L5";"random";"N204_M1_uniform_N9O1X7L5";204;1;"uniform";1.21436699548714;17.9286369479185;0.0116651012315689;0.00804022855802539
"O5A1V2I9";"ace-exchange";"N84_M9_normal-wide_O5A1V2I9";84;9;"normal-wide";24336.2362176702;3033.86886529328;0.0497604342650797;0.0964965583221755
"O5A1V2I9";"k-means-exchange";"N84_M9_normal-wide_O5A1V2I9";84;9;"normal-wide";24172.2398201775;3034.31549003262;0.0274186725763484;0.233082477156566
"O5A1V2I9";"kplus";"N84_M9_normal-wide_O5A1V2I9";84;9;"normal-wide";24404.8752832985;3033.65216786209;0.0603266665648315;0.0205320334003674
"O5A1V2I9";"random";"N84_M9_normal-wide_O5A1V2I9";84;9;"normal-wide";23796.304193511;3001.56586087527;0.332817524580943;0.392360949378769
"O5T0D9G8";"ace-exchange";"N144_M6_normal_O5T0D9G8";144;6;"normal";1470.66313739104;762.345428533822;0.00961001575854574;0.0202407869477942
"O5T0D9G8";"k-means-exchange";"N144_M6_normal_O5T0D9G8";144;6;"normal";1464.78468930886;762.373352865837;0.00462467550793571;0.0725082718039063
"O5T0D9G8";"kplus";"N144_M6_normal_O5T0D9G8";144;6;"normal";1471.21170324293;762.375139129524;0.00408532138773165;0.00259616304031076
"O5T0D9G8";"random";"N144_M6_normal_O5T0D9G8";144;6;"normal";1466.42642055966;759.885419635256;0.0832623927397048;0.0676991732917026
"O7G0L6Z9";"ace-exchange";"N60_M6_normal-wide_O7G0L6Z9";60;6;"normal-wide";9154.44058329871;1359.0849803217;0.0634826596162161;0.0996613334723454
"O7G0L6Z9";"k-means-exchange";"N60_M6_normal-wide_O7G0L6Z9";60;6;"normal-wide";9021.17936872575;1359.53603656907;0.0218749363298139;0.287706956253884
"O7G0L6Z9";"kplus";"N60_M6_normal-wide_O7G0L6Z9";60;6;"normal-wide";9178.89826858048;1359.29585444118;0.0566130134156408;0.0161002426752912
"O7G0L6Z9";"random";"N60_M6_normal-wide_O7G0L6Z9";60;6;"normal-wide";9152.02790683514;1327.59018164779;0.471333788141691;0.115480554011626
"P5M2A7R0";"ace-exchange";"N228_M6_normal_P5M2A7R0";228;6;"normal";2929.82435703674;1409.44932430536;0.00338778033303035;0.018306020058186
"P5M2A7R0";"k-means-exchange";"N228_M6_normal_P5M2A7R0";228;6;"normal";2911.62259018646;1409.45091629808;0.00235959839581186;0.107408663151703
"P5M2A7R0";"kplus";"N228_M6_normal_P5M2A7R0";228;6;"normal";2931.15058825649;1409.44348595672;0.00409184449219231;0.000949345810678478
"P5M2A7R0";"random";"N228_M6_normal_P5M2A7R0";228;6;"normal";2921.95996994234;1404.32669133199;0.102751941572132;0.0566731700798243
"P8E2O7J4";"ace-exchange";"N276_M3_normal-wide_P8E2O7J4";276;3;"normal-wide";23108.9894457627;3080.0672873889;0.00565012361418941;0.0206643737826626
"P8E2O7J4";"k-means-exchange";"N276_M3_normal-wide_P8E2O7J4";276;3;"normal-wide";23025.516013014;3080.07446247098;0.000945620808084074;0.165948056122622
"P8E2O7J4";"kplus";"N276_M3_normal-wide_P8E2O7J4";276;3;"normal-wide";23110.8103077668;3080.07423185332;0.00143959036357891;0.000213001293797754
"P8E2O7J4";"random";"N276_M3_normal-wide_P8E2O7J4";276;3;"normal-wide";23077.8233444388;3074.58496880521;0.120558108584282;0.0780124496377658
"P9F6X4M5";"ace-exchange";"N96_M8_normal-wide_P9F6X4M5";96;8;"normal-wide";18597.9952202984;2885.53212802819;0.0543580123932064;0.0830294949358357
"P9F6X4M5";"k-means-exchange";"N96_M8_normal-wide_P9F6X4M5";96;8;"normal-wide";18580.2705345362;2886.22640741069;0.0109215631588132;0.101078754723904
"P9F6X4M5";"kplus";"N96_M8_normal-wide_P9F6X4M5";96;8;"normal-wide";18621.5120215273;2885.68383348109;0.0477141631747711;0.0123665158502212
"P9F6X4M5";"random";"N96_M8_normal-wide_P9F6X4M5";96;8;"normal-wide";18479.390875392;2830.61715680077;0.459476827763838;0.180078165095381
"Q0Y2Z9I7";"ace-exchange";"N228_M10_normal_Q0Y2Z9I7";228;10;"normal";4784.12524855017;2227.72375854779;0.0100781840356475;0.0423305839387353
"Q0Y2Z9I7";"k-means-exchange";"N228_M10_normal_Q0Y2Z9I7";228;10;"normal";4776.20678107866;2227.79302912918;0.00488302678874313;0.0618587623403152
"Q0Y2Z9I7";"kplus";"N228_M10_normal_Q0Y2Z9I7";228;10;"normal";4789.04785227826;2227.76997826562;0.00752108077778492;0.00429298330257227
"Q0Y2Z9I7";"random";"N228_M10_normal_Q0Y2Z9I7";228;10;"normal";4765.77253883074;2217.91986186328;0.10283689129763;0.0943256080224185
"Q1T5P8H3";"ace-exchange";"N84_M10_normal-wide_Q1T5P8H3";84;10;"normal-wide";22920.0741798909;3331.09776659863;0.0735588025718462;0.186709586482188
"Q1T5P8H3";"k-means-exchange";"N84_M10_normal-wide_Q1T5P8H3";84;10;"normal-wide";22930.4885544312;3332.05543666972;0.0390467554738147;0.166042113686018
"Q1T5P8H3";"kplus";"N84_M10_normal-wide_Q1T5P8H3";84;10;"normal-wide";23056.4030397443;3331.48331125887;0.0447910519955731;0.0175613050817919
"Q1T5P8H3";"random";"N84_M10_normal-wide_Q1T5P8H3";84;10;"normal-wide";22514.4781465246;3281.87950644919;0.362077677699946;0.328720164464581
"Q5R4O1W3";"ace-exchange";"N192_M1_normal-wide_Q5R4O1W3";192;1;"normal-wide";4937.64134769936;737.808303498685;0.00958226687628695;0.00910143395683427
"Q5R4O1W3";"k-means-exchange";"N192_M1_normal-wide_Q5R4O1W3";192;1;"normal-wide";4829.22952510981;737.812710850931;1.56572699021307e-07;0.387317888971393
"Q5R4O1W3";"kplus";"N192_M1_normal-wide_Q5R4O1W3";192;1;"normal-wide";4937.70182790217;737.812710843109;1.27666752028095e-05;3.45065171991621e-08
"Q5R4O1W3";"random";"N192_M1_normal-wide_Q5R4O1W3";192;1;"normal-wide";4872.48719469022;737.533040010635;0.0763313555461619;0.299789313420524
"Q6M7O2P1";"ace-exchange";"N84_M4_normal-wide_Q6M7O2P1";84;4;"normal-wide";9434.09742993093;1214.99305517041;0.0435664439941938;0.0706887116403729
"Q6M7O2P1";"k-means-exchange";"N84_M4_normal-wide_Q6M7O2P1";84;4;"normal-wide";9438.98450737572;1215.1889379519;0.0078479401947016;0.0633342624937815
"Q6M7O2P1";"kplus";"N84_M4_normal-wide_Q6M7O2P1";84;4;"normal-wide";9444.16082381794;1215.17181820691;0.0161337296956896;0.00697492691753915
"Q6M7O2P1";"random";"N84_M4_normal-wide_Q6M7O2P1";84;4;"normal-wide";9367.39956504735;1209.03571481856;0.245972000294713;0.21731028197836
"Q6Z2T8B3";"ace-exchange";"N228_M7_uniform_Q6Z2T8B3";228;7;"uniform";8.94993336578427;136.824173600338;0.00182433499526328;0.00491838357425327
"Q6Z2T8B3";"k-means-exchange";"N228_M7_uniform_Q6Z2T8B3";228;7;"uniform";8.89155907288303;136.82579504991;0.000762592826358385;0.0177039597565948
"Q6Z2T8B3";"kplus";"N228_M7_uniform_Q6Z2T8B3";228;7;"uniform";8.95351693071968;136.825491172427;0.00120109716695231;0.00164763213524378
"Q6Z2T8B3";"random";"N228_M7_uniform_Q6Z2T8B3";228;7;"uniform";8.92884166342737;135.58585200853;0.0464018332036119;0.00955747820724255
"R1S2L8C3";"ace-exchange";"N96_M4_normal_R1S2L8C3";96;4;"normal";626.828497300386;380.948743488552;0.0116878332054809;0.0461986988785127
"R1S2L8C3";"k-means-exchange";"N96_M4_normal_R1S2L8C3";96;4;"normal";620.753284732981;380.96246320207;0.00426037173615114;0.102641215819236
"R1S2L8C3";"kplus";"N96_M4_normal_R1S2L8C3";96;4;"normal";627.823918863235;380.963969917974;0.00303665927662442;0.00542899687376197
"R1S2L8C3";"random";"N96_M4_normal_R1S2L8C3";96;4;"normal";623.66081709589;378.806774295264;0.134416366320466;0.0920596807859511
"R7O4K5L1";"ace-exchange";"N36_M1_normal_R7O4K5L1";36;1;"normal";46.595121242337;34.071854524796;0.0134614979799635;0.028771108611207
"R7O4K5L1";"k-means-exchange";"N36_M1_normal_R7O4K5L1";36;1;"normal";45.7038522589715;34.0734854229029;3.2048348475533e-05;0.169497453765484
"R7O4K5L1";"kplus";"N36_M1_normal_R7O4K5L1";36;1;"normal";46.6217527450594;34.0734850313436;0.000211030052603534;5.30226477457596e-06
"R7O4K5L1";"random";"N36_M1_normal_R7O4K5L1";36;1;"normal";45.7303639342353;34.0728758900137;0.00822963569528629;0.167015707796827
"R8T6U2E5";"ace-exchange";"N72_M7_normal_R8T6U2E5";72;7;"normal";1088.3192264332;505.944514470836;0.0249203520649294;0.0726553542565015
"R8T6U2E5";"k-means-exchange";"N72_M7_normal_R8T6U2E5";72;7;"normal";1080.33744363737;506.033939097761;0.0135401228933671;0.119625257006223
"R8T6U2E5";"kplus";"N72_M7_normal_R8T6U2E5";72;7;"normal";1091.5003386437;505.946074049177;0.0263728975409287;0.00623252953881992
"R8T6U2E5";"random";"N72_M7_normal_R8T6U2E5";72;7;"normal";1079.62912092901;497.034860522679;0.211396695511631;0.133425483559767
"R9E3J6S1";"ace-exchange";"N36_M5_uniform_R9E3J6S1";36;5;"uniform";1.10582543012132;16.7854588519411;0.0144612142867926;0.0279859091988446
"R9E3J6S1";"k-means-exchange";"N36_M5_uniform_R9E3J6S1";36;5;"uniform";1.11360498557078;16.8000001048741;0.00856877225451166;0.0228058729924465
"R9E3J6S1";"kplus";"N36_M5_uniform_R9E3J6S1";36;5;"uniform";1.11953356766884;16.8015192126081;0.00825105711507299;0.0195295547089444
"R9E3J6S1";"random";"N36_M5_uniform_R9E3J6S1";36;5;"uniform";1.11316829083427;16.6525623942327;0.0482696618781322;0.0251644942080857
"S0H7X8D3";"ace-exchange";"N264_M10_normal_S0H7X8D3";264;10;"normal";4547.39530628537;2570.59654261719;0.0112813823362457;0.0255927020419354
"S0H7X8D3";"k-means-exchange";"N264_M10_normal_S0H7X8D3";264;10;"normal";4540.7746497202;2570.71122761156;0.00336625967999898;0.049377014259642
"S0H7X8D3";"kplus";"N264_M10_normal_S0H7X8D3";264;10;"normal";4550.09157569296;2570.71219379073;0.00320192638699351;0.00380684009172252
"S0H7X8D3";"random";"N264_M10_normal_S0H7X8D3";264;10;"normal";4543.63010374822;2552.29566117534;0.144748734405488;0.0428648373059516
"S0L1O6W7";"ace-exchange";"N228_M4_normal-wide_S0L1O6W7";228;4;"normal-wide";26041.9769317624;3618.36255147956;0.0166445618556687;0.0259351153609337
"S0L1O6W7";"k-means-exchange";"N228_M4_normal-wide_S0L1O6W7";228;4;"normal-wide";26010.481102069;3618.46578591741;0.00180078447026114;0.0629528775907174
"S0L1O6W7";"kplus";"N228_M4_normal-wide_S0L1O6W7";228;4;"normal-wide";26045.0840971812;3618.46396305091;0.00267130196021843;0.00106367576142274
"S0L1O6W7";"random";"N228_M4_normal-wide_S0L1O6W7";228;4;"normal-wide";26010.7747216324;3605.4321013433;0.170378754324577;0.0967813385257776
"S2E1R9A4";"ace-exchange";"N72_M6_normal_S2E1R9A4";72;6;"normal";1000.58652664573;452.336440456436;0.0326844315869834;0.0450423049411343
"S2E1R9A4";"k-means-exchange";"N72_M6_normal_S2E1R9A4";72;6;"normal";996.53121544981;452.505115635648;0.0093389424379412;0.108051149162408
"S2E1R9A4";"kplus";"N72_M6_normal_S2E1R9A4";72;6;"normal";1002.43772313903;452.438442265088;0.0176065467314009;0.00751077824242415
"S2E1R9A4";"random";"N72_M6_normal_S2E1R9A4";72;6;"normal";980.175392910802;449.81016989675;0.122471553638131;0.193826543547876
"S5Z9U7J2";"ace-exchange";"N216_M2_normal_S5Z9U7J2";216;2;"normal";1004.36634510119;418.336294318267;0.00283114914984474;0.0336855356518158
"S5Z9U7J2";"k-means-exchange";"N216_M2_normal_S5Z9U7J2";216;2;"normal";990.616176038573;418.337986548885;1.13503587461389e-05;0.161249137052132
"S5Z9U7J2";"kplus";"N216_M2_normal_S5Z9U7J2";216;2;"normal";1004.86064754773;418.337986564334;1.00185866220275e-05;4.17088884244188e-05
"S5Z9U7J2";"random";"N216_M2_normal_S5Z9U7J2";216;2;"normal";999.833532525388;416.594426588358;0.0998900017342068;0.0972788217988648
"S7M2G4K3";"ace-exchange";"N168_M2_uniform_S7M2G4K3";168;2;"uniform";2.0438843823479;28.7131557684474;0.00100626479668012;0.00176537357048026
"S7M2G4K3";"k-means-exchange";"N168_M2_uniform_S7M2G4K3";168;2;"uniform";2.02617710940493;28.7132764718396;5.25790355389855e-05;0.0198508526950435
"S7M2G4K3";"kplus";"N168_M2_uniform_S7M2G4K3";168;2;"uniform";2.04398087941133;28.7132767605142;2.59340435843358e-05;6.07645968708492e-05
"S7M2G4K3";"random";"N168_M2_uniform_S7M2G4K3";168;2;"uniform";2.04015466723332;28.6843593386166;0.0158808190552961;0.00964085407269025
"S9H3J8B7";"ace-exchange";"N132_M10_normal-wide_S9H3J8B7";132;10;"normal-wide";42576.7571297589;5317.35178188806;0.0298715159402406;0.0922326540086837
"S9H3J8B7";"k-means-exchange";"N132_M10_normal-wide_S9H3J8B7";132;10;"normal-wide";42538.6590846172;5317.6223844166;0.0169820679880565;0.127526268932372
"S9H3J8B7";"kplus";"N132_M10_normal-wide_S9H3J8B7";132;10;"normal-wide";42642.9737529558;5316.82972241999;0.0481579447674806;0.0145454977257343
"S9H3J8B7";"random";"N132_M10_normal-wide_S9H3J8B7";132;10;"normal-wide";42513.6187039092;5296.35625660157;0.206829684104563;0.119393361726821
"T1S0J6Y3";"ace-exchange";"N264_M8_normal_T1S0J6Y3";264;8;"normal";4436.49455575656;2122.03699964725;0.0044309381441555;0.0364851855458037
"T1S0J6Y3";"k-means-exchange";"N264_M8_normal_T1S0J6Y3";264;8;"normal";4425.61015694339;2122.04577888354;0.00317104435835192;0.0719378815096555
"T1S0J6Y3";"kplus";"N264_M8_normal_T1S0J6Y3";264;8;"normal";4440.17143258207;2122.0322123114;0.00488689441217444;0.0018712010593549
"T1S0J6Y3";"random";"N264_M8_normal_T1S0J6Y3";264;8;"normal";4426.53255281965;2115.23013838996;0.0869617441963947;0.076664486411945
"T9G5M2E8";"ace-exchange";"N192_M1_uniform_T9G5M2E8";192;1;"uniform";1.13815290689687;15.5065539666377;0.00084789077664027;0.000787749759047274
"T9G5M2E8";"k-means-exchange";"N192_M1_uniform_T9G5M2E8";192;1;"uniform";1.1381220218331;15.5065884747385;5.52463461644948e-08;0.00162273601473228
"T9G5M2E8";"kplus";"N192_M1_uniform_T9G5M2E8";192;1;"uniform";1.13816242914939;15.5065884747364;2.14929362529759e-07;2.30098781606181e-06
"T9G5M2E8";"random";"N192_M1_uniform_T9G5M2E8";192;1;"uniform";1.13816067894455;15.4787569680874;0.0240795152615949;0.000338033988389219
"U3A1E2P7";"ace-exchange";"N36_M8_normal-wide_U3A1E2P7";36;8;"normal-wide";11312.2594405871;1189.09478402875;0.0597692703222189;0.167885474499537
"U3A1E2P7";"k-means-exchange";"N36_M8_normal-wide_U3A1E2P7";36;8;"normal-wide";11057.5413019577;1189.14918336788;0.0679976828083205;0.451467385410246
"U3A1E2P7";"kplus";"N36_M8_normal-wide_U3A1E2P7";36;8;"normal-wide";11365.4437170021;1183.57344408056;0.266403377741466;0.0620603095774855
"U3A1E2P7";"random";"N36_M8_normal-wide_U3A1E2P7";36;8;"normal-wide";11052.0083159543;1144.33184551448;0.724426887130494;0.444705614936892
"U8E5J0V9";"ace-exchange";"N120_M6_normal-wide_U8E5J0V9";120;6;"normal-wide";20042.3558532981;2704.47225992176;0.0239031053968566;0.0751235783711924
"U8E5J0V9";"k-means-exchange";"N120_M6_normal-wide_U8E5J0V9";120;6;"normal-wide";19882.3586124684;2704.58230169336;0.00686806122898994;0.242392314372114
"U8E5J0V9";"kplus";"N120_M6_normal-wide_U8E5J0V9";120;6;"normal-wide";20061.5061413362;2704.37995394757;0.0305685837391871;0.00561583756586148
"U8E5J0V9";"random";"N120_M6_normal-wide_U8E5J0V9";120;6;"normal-wide";19938.067388568;2702.65124364032;0.090213859340893;0.153963675368662
"U9M5C6F7";"ace-exchange";"N120_M3_normal_U9M5C6F7";120;3;"normal";623.605486755177;344.964211229186;0.00930219993214014;0.0289825421317788
"U9M5C6F7";"k-means-exchange";"N120_M3_normal_U9M5C6F7";120;3;"normal";606.782741250903;344.971968863991;0.000869337299222415;0.211887237675846
"U9M5C6F7";"kplus";"N120_M3_normal_U9M5C6F7";120;3;"normal";623.963950175218;344.971625673773;0.00146450788012473;0.0016078830591032
"U9M5C6F7";"random";"N120_M3_normal_U9M5C6F7";120;3;"normal";618.161110978462;342.099689227395;0.172358670185815;0.105089789402572
"V2Y9S0Z3";"ace-exchange";"N120_M5_uniform_V2Y9S0Z3";120;5;"uniform";3.31787690911605;46.7771276053973;0.00129594936578845;0.00831758148268208
"V2Y9S0Z3";"k-means-exchange";"N120_M5_uniform_V2Y9S0Z3";120;5;"uniform";3.31301549598563;46.7770823755428;0.0014303804274338;0.0136897622110168
"V2Y9S0Z3";"kplus";"N120_M5_uniform_V2Y9S0Z3";120;5;"uniform";3.32266883761482;46.7766965785201;0.00189713578904052;0.0011493706278953
"V2Y9S0Z3";"random";"N120_M5_uniform_V2Y9S0Z3";120;5;"uniform";3.26645001116637;46.4530223309497;0.0394621466309764;0.025836452060597
"V6P1C0M9";"ace-exchange";"N120_M9_uniform_V6P1C0M9";120;9;"uniform";5.83524038254398;84.1784745583211;0.00385979858692735;0.0135538494372651
"V6P1C0M9";"k-means-exchange";"N120_M9_uniform_V6P1C0M9";120;9;"uniform";5.80992948405942;84.1833216314178;0.0023261371292864;0.019945060754089
"V6P1C0M9";"kplus";"N120_M9_uniform_V6P1C0M9";120;9;"uniform";5.84850869150741;84.1825876871895;0.00246650246834314;0.00764379044467623
"V6P1C0M9";"random";"N120_M9_uniform_V6P1C0M9";120;9;"uniform";5.83814282396699;83.3471960796865;0.0478809771145245;0.0121201133168115
"V8J4K9C2";"ace-exchange";"N84_M6_uniform_V8J4K9C2";84;6;"uniform";2.87883871230481;44.0011112310538;0.00589754173184729;0.00361255239698859
"V8J4K9C2";"k-means-exchange";"N84_M6_uniform_V8J4K9C2";84;6;"uniform";2.86646561042649;44.0052559978561;0.00250017139617179;0.0140007780399992
"V8J4K9C2";"kplus";"N84_M6_uniform_V8J4K9C2";84;6;"uniform";2.87778347846111;44.0030119712583;0.00391573911636238;0.00546199490450304
"V8J4K9C2";"random";"N84_M6_uniform_V8J4K9C2";84;6;"uniform";2.86750371910289;43.5942927836604;0.0458572385407659;0.0150972889333575
"W0U1Y4S5";"ace-exchange";"N132_M7_normal_W0U1Y4S5";132;7;"normal";1586.43710124062;877.068486962353;0.0199466882782901;0.0510561855653487
"W0U1Y4S5";"k-means-exchange";"N132_M7_normal_W0U1Y4S5";132;7;"normal";1561.83845407024;877.195566861087;0.00499919942586794;0.165394498211868
"W0U1Y4S5";"kplus";"N132_M7_normal_W0U1Y4S5";132;7;"normal";1589.23033347425;877.172671428196;0.0109603161680937;0.00666497605873931
"W0U1Y4S5";"random";"N132_M7_normal_W0U1Y4S5";132;7;"normal";1582.53804500208;872.159068958528;0.129095873072297;0.0704300693782249
"W1G6M4C8";"ace-exchange";"N24_M10_uniform_W1G6M4C8";24;10;"uniform";1.15928770412321;18.9233060956798;0.0266916188935283;0.0475897565412358
"W1G6M4C8";"k-means-exchange";"N24_M10_uniform_W1G6M4C8";24;10;"uniform";1.15920002360663;18.9148395791723;0.0262689105564884;0.0409964672471679
"W1G6M4C8";"kplus";"N24_M10_uniform_W1G6M4C8";24;10;"uniform";1.19173771670595;18.9083044544758;0.0291302323787628;0.0221221523695326
"W1G6M4C8";"random";"N24_M10_uniform_W1G6M4C8";24;10;"uniform";1.12912619145755;18.2430952961287;0.100068098789779;0.0642783970238598
"W3N0E8I9";"ace-exchange";"N252_M4_normal_W3N0E8I9";252;4;"normal";1891.14747685322;964.316088558851;0.00519445638902454;0.0150175942745209
"W3N0E8I9";"k-means-exchange";"N252_M4_normal_W3N0E8I9";252;4;"normal";1887.55267227323;964.32466357144;0.000766080691719147;0.0530509962811627
"W3N0E8I9";"kplus";"N252_M4_normal_W3N0E8I9";252;4;"normal";1891.42981262045;964.32384645057;0.00165713092807327;0.000552449186858261
"W3N0E8I9";"random";"N252_M4_normal_W3N0E8I9";252;4;"normal";1890.72999059641;958.122178185867;0.136152988673991;0.0232882729193234
"W4K8N2J3";"ace-exchange";"N144_M2_normal-wide_W4K8N2J3";144;2;"normal-wide";10382.6879726835;1170.23007945624;0.00586158347905052;0.0736203733350939
"W4K8N2J3";"k-means-exchange";"N144_M2_normal-wide_W4K8N2J3";144;2;"normal-wide";10380.9929201474;1170.23269780235;0.000519848169222015;0.0829875994388013
"W4K8N2J3";"kplus";"N144_M2_normal-wide_W4K8N2J3";144;2;"normal-wide";10388.9129880109;1170.23257807387;0.00145904687174523;0.00031908463212571
"W4K8N2J3";"random";"N144_M2_normal-wide_W4K8N2J3";144;2;"normal-wide";10385.5394580803;1168.89848783395;0.135748041924813;0.0541161603979988
"W5J0Q8E9";"ace-exchange";"N168_M6_normal_W5J0Q8E9";168;6;"normal";1952.6062241651;1016.58059590561;0.0100375209501722;0.0385922957930977
"W5J0Q8E9";"k-means-exchange";"N168_M6_normal_W5J0Q8E9";168;6;"normal";1944.36802633608;1016.60382518906;0.00413459409096044;0.0846912774724103
"W5J0Q8E9";"kplus";"N168_M6_normal_W5J0Q8E9";168;6;"normal";1955.45761276158;1016.58942650906;0.00654009765345797;0.0018691986261248
"W5J0Q8E9";"random";"N168_M6_normal_W5J0Q8E9";168;6;"normal";1943.01231914355;1009.6486322661;0.141932974046856;0.0799313163549946
"W6M9S1E0";"ace-exchange";"N180_M8_uniform_W6M9S1E0";180;8;"uniform";7.83465569989922;114.97612800528;0.00299359265870104;0.00784079642980304
"W6M9S1E0";"k-means-exchange";"N180_M8_uniform_W6M9S1E0";180;8;"uniform";7.80835465934598;114.978906115257;0.00164420903569811;0.0143411591454253
"W6M9S1E0";"kplus";"N180_M8_uniform_W6M9S1E0";180;8;"uniform";7.84196523378947;114.979297864041;0.00150895018854905;0.00410484493632349
"W6M9S1E0";"random";"N180_M8_uniform_W6M9S1E0";180;8;"uniform";7.74645484287975;113.886127845876;0.0512936752787532;0.0228740698439376
"W9C5A7G6";"ace-exchange";"N216_M9_normal_W9C5A7G6";216;9;"normal";4218.98904064617;2051.56632965819;0.00883621920857333;0.0270808747316062
"W9C5A7G6";"k-means-exchange";"N216_M9_normal_W9C5A7G6";216;9;"normal";4198.38711799276;2051.62709413735;0.00539970923778156;0.0936131072934657
"W9C5A7G6";"kplus";"N216_M9_normal_W9C5A7G6";216;9;"normal";4221.66510698284;2051.60400439251;0.00791225722315993;0.00327469069583476
"W9C5A7G6";"random";"N216_M9_normal_W9C5A7G6";216;9;"normal";4199.05827376267;2034.81395508691;0.147542687478473;0.0941691819598496
"X1Y8D5H4";"ace-exchange";"N180_M2_normal-wide_X1Y8D5H4";180;2;"normal-wide";13553.3262457902;1397.50740738042;0.00699079599708805;0.0275568117054819
"X1Y8D5H4";"k-means-exchange";"N180_M2_normal-wide_X1Y8D5H4";180;2;"normal-wide";13514.2799459186;1397.51405914705;0.000505878566957899;0.15201371091184
"X1Y8D5H4";"kplus";"N180_M2_normal-wide_X1Y8D5H4";180;2;"normal-wide";13554.7590069958;1397.51400283509;0.000973763692221193;0.000263125745909032
"X1Y8D5H4";"random";"N180_M2_normal-wide_X1Y8D5H4";180;2;"normal-wide";13521.9853276661;1390.87983465141;0.268066155157365;0.110181596277549
"X5O2K8I9";"ace-exchange";"N288_M10_normal-wide_X5O2K8I9";288;10;"normal-wide";95003.5607611075;11606.8840863966;0.0158147326704275;0.0556351768657752
"X5O2K8I9";"k-means-exchange";"N288_M10_normal-wide_X5O2K8I9";288;10;"normal-wide";94798.7070607397;11607.1230599772;0.00749938690351593;0.13593525184656
"X5O2K8I9";"kplus";"N288_M10_normal-wide_X5O2K8I9";288;10;"normal-wide";95060.7276209402;11606.9107667653;0.0178533094578922;0.0033752219141874
"X5O2K8I9";"random";"N288_M10_normal-wide_X5O2K8I9";288;10;"normal-wide";94565.2369491553;11557.8645662006;0.241209529559932;0.178358865918286
"X7N6D8R5";"ace-exchange";"N132_M3_uniform_X7N6D8R5";132;3;"uniform";2.1861284866775;32.3709092355022;0.00127277005877761;0.00109332977636153
"X7N6D8R5";"k-means-exchange";"N132_M3_uniform_X7N6D8R5";132;3;"uniform";2.17281047045667;32.37110562182;0.000112894729645226;0.0162865332741451
"X7N6D8R5";"kplus";"N132_M3_uniform_X7N6D8R5";132;3;"uniform";2.18617031287817;32.3710970929626;0.000286604677599815;0.000671945338035921
"X7N6D8R5";"random";"N132_M3_uniform_X7N6D8R5";132;3;"uniform";2.17989384338367;32.2783097781108;0.0298470575527072;0.012497938705431
"X7S9F0E6";"ace-exchange";"N120_M3_normal_X7S9F0E6";120;3;"normal";716.536730002698;366.550911429202;0.00712286069998512;0.0196520925315638
"X7S9F0E6";"k-means-exchange";"N120_M3_normal_X7S9F0E6";120;3;"normal";716.167080025939;366.555617189255;0.000958564631048407;0.0369688529210871
"X7S9F0E6";"kplus";"N120_M3_normal_X7S9F0E6";120;3;"normal";716.791344591892;366.555019175101;0.00230564982544626;0.000696438914385237
"X7S9F0E6";"random";"N120_M3_normal_X7S9F0E6";120;3;"normal";711.661401322096;365.761961188741;0.0869879461444874;0.107275700267488
"X9D6U0E7";"ace-exchange";"N168_M2_normal-wide_X9D6U0E7";168;2;"normal-wide";8499.20036705882;1210.14578111063;0.00891760208856321;0.0242152903925014
"X9D6U0E7";"k-means-exchange";"N168_M2_normal-wide_X9D6U0E7";168;2;"normal-wide";8425.92489588142;1210.15720731461;0.0001713994351525;0.228823502515661
"X9D6U0E7";"kplus";"N168_M2_normal-wide_X9D6U0E7";168;2;"normal-wide";8499.96155429087;1210.15712396458;0.000757434434894115;0.000234604562264429
"X9D6U0E7";"random";"N168_M2_normal-wide_X9D6U0E7";168;2;"normal-wide";8447.87678144556;1208.77658032857;0.095377654823726;0.19759988678722
"Y2W6E1B4";"ace-exchange";"N96_M7_normal-wide_Y2W6E1B4";96;7;"normal-wide";16800.5131880846;2560.3706927987;0.0279394159029053;0.12936426817729
"Y2W6E1B4";"k-means-exchange";"N96_M7_normal-wide_Y2W6E1B4";96;7;"normal-wide";16338.0217945812;2560.45659431441;0.0195884256473464;0.425294405172493
"Y2W6E1B4";"kplus";"N96_M7_normal-wide_Y2W6E1B4";96;7;"normal-wide";16847.7014586501;2559.49188657713;0.0532997640664807;0.0106144564647995
"Y2W6E1B4";"random";"N96_M7_normal-wide_Y2W6E1B4";96;7;"normal-wide";16590.267622972;2537.35941122137;0.3435688312018;0.273477161756992
"Y5D1V0H9";"ace-exchange";"N252_M3_uniform_Y5D1V0H9";252;3;"uniform";3.93210125371395;64.6037684263753;0.000729197177360918;0.00143207245530541
"Y5D1V0H9";"k-means-exchange";"N252_M3_uniform_Y5D1V0H9";252;3;"uniform";3.9097842304722;64.6038771456326;8.92410556189716e-05;0.0145460514344897
"Y5D1V0H9";"kplus";"N252_M3_uniform_Y5D1V0H9";252;3;"uniform";3.93227060167201;64.6038767357257;0.000112862309574024;0.000449089478601154
"Y5D1V0H9";"random";"N252_M3_uniform_Y5D1V0H9";252;3;"uniform";3.9003994815211;64.0652548085887;0.0395386163976842;0.0219354731287017
"Z5S8Q0P4";"ace-exchange";"N120_M8_normal_Z5S8Q0P4";120;8;"normal";1702.5018481924;940.968920525863;0.0174876236853661;0.0436446975469555
"Z5S8Q0P4";"k-means-exchange";"N120_M8_normal_Z5S8Q0P4";120;8;"normal";1692.32218395147;941.07726152406;0.00814503062941414;0.100431344148391
"Z5S8Q0P4";"kplus";"N120_M8_normal_Z5S8Q0P4";120;8;"normal";1704.81797412629;941.033496296916;0.0129666852701654;0.00580716293181341
"Z5S8Q0P4";"random";"N120_M8_normal_Z5S8Q0P4";120;8;"normal";1685.65992440918;934.891473263686;0.138329975638918;0.128523025273285
"Z6M4X5R1";"ace-exchange";"N168_M8_normal-wide_Z6M4X5R1";168;8;"normal-wide";45463.8812100696;5344.53100573046;0.0213135029746557;0.0973062415559355
"Z6M4X5R1";"k-means-exchange";"N168_M8_normal-wide_Z6M4X5R1";168;8;"normal-wide";45155.8693322475;5344.68112876347;0.00983520600814935;0.23667653913018
"Z6M4X5R1";"kplus";"N168_M8_normal-wide_Z6M4X5R1";168;8;"normal-wide";45526.0308296467;5344.35484003712;0.0288081801732993;0.00542723896352987
"Z6M4X5R1";"random";"N168_M8_normal-wide_Z6M4X5R1";168;8;"normal-wide";45249.9300502712;5285.16927366254;0.394630792237314;0.188132821881914
"Z8L3B1R5";"ace-exchange";"N276_M9_normal-wide_Z8L3B1R5";276;9;"normal-wide";70020.3152632896;9824.27373802999;0.0185474240284446;0.069596613369787
"Z8L3B1R5";"k-means-exchange";"N276_M9_normal-wide_Z8L3B1R5";276;9;"normal-wide";69889.6605615288;9824.53518954344;0.00612180755575309;0.113175141400487
"Z8L3B1R5";"kplus";"N276_M9_normal-wide_Z8L3B1R5";276;9;"normal-wide";70082.0576924628;9824.43756791636;0.0117242302340859;0.00335721886811665
"Z8L3B1R5";"random";"N276_M9_normal-wide_Z8L3B1R5";276;9;"normal-wide";69929.4124487289;9764.96339908806;0.269558093665208;0.100542484712193
"Z9U3T8E1";"ace-exchange";"N120_M6_normal-wide_Z9U3T8E1";120;6;"normal-wide";18715.5532730427;2832.93191401573;0.027016079810804;0.0754355378432506
"Z9U3T8E1";"k-means-exchange";"N120_M6_normal-wide_Z9U3T8E1";120;6;"normal-wide";18362.2145047384;2833.07961623575;0.00820083577700378;0.290358035591093
"Z9U3T8E1";"kplus";"N120_M6_normal-wide_Z9U3T8E1";120;6;"normal-wide";18732.4434866119;2832.98278013873;0.0186024038406497;0.00881643400443669
"Z9U3T8E1";"random";"N120_M6_normal-wide_Z9U3T8E1";120;6;"normal-wide";18588.8340501016;2819.87912308052;0.200691163756109;0.212341059320034
