"V1","V2","V3","V4","V5","V6","V7","V8","V9","V10"
-3.87174813139608,-0.574607952464667,-5.0481254326212,-0.509562422561029,-0.684307000214558,-0.151042778247695,-0.335022552899308,-1.61917902936456,-2.50946009276697,-0.115911440653361
1.05879524326507,0.711996215760841,1.23154466476622,-0.881521848975695,-1.05727082739314,-1.4460428923783,0.504339871421817,1.19022642109399,-1.63297049058586,-3.68389414257133
-0.00965468325718014,-1.86279912369563,-4.29794241432951,1.05265454292375,4.81224672069003,-3.29877161754369,1.85094709724986,3.39464796641231,-2.78231989851859,-0.755499961000558
0.375486950529055,1.29759675999039,0.939627012007533,2.47913262945543,1.98493143465256,-3.45006658831873,-1.04548242606909,-0.576991267598324,-0.0158481333288056,2.80378223572521
2.32013181455364,-0.811168149662197,-1.23540990782289,0.373855563107194,-0.0886992880454642,-1.99707618770311,0.807000807171835,-3.03850764074064,-0.632156375338987,-0.483956451126242
-3.88555462286335,1.73574905290617,-1.21784059371203,-1.76143819507561,1.01455323442566,1.93900860020204,1.91262993290936,0.714089239605943,-3.52883641901684,-0.927123323388841
-0.0465817528023308,2.24479726299762,3.58840563929086,0.0290109823686073,-1.97104606955107,3.91654858837449,-2.44788876478619,-0.666516579444704,-3.34078524355762,1.38650961061303
-2.52652691314539,0.804011695704271,-2.09067957384922,2.61829118598617,-1.04126014231169,1.68371968391657,-2.00329777997425,1.70601004257741,1.83911716203049,-1.06832285353992
1.57693777634553,1.36625115824125,-3.85711219412304,-0.520287712664092,0.258602384102418,-0.501899247248,0.0804662928673914,-0.526255144918401,2.29558172715975,-2.34060819059376
-0.927858226482523,-0.343473341163887,4.27629610273486,-1.4485365758588,0.667997312296715,-0.95968904709654,3.22288001857677,0.81055641941625,1.32525878687949,0.696588569054394
-0.340209880117558,-1.89314586005175,-0.87391654282416,-0.987204918269034,0.584033435287633,0.960297475156893,0.143183683589313,-1.00434045560033,0.607331581825987,0.993507785551004
0.409591182408528,2.64930872575435,2.43106473748793,-1.8228814673878,-0.520881552311342,1.0574985532405,2.4648060534879,-0.440141515165224,-0.278770407275719,1.02407804293184
-1.51900147587504,0.595907038996731,1.58658426778753,1.04322005376894,1.59311444102258,-1.13215195633383,-0.578995755967036,-1.513192104398,1.45782430301554,-0.408935703331371
-2.3202563701998,0.278181539152897,2.78417546442728,-1.37705204413133,-3.05698316805863,1.87840888248282,-0.00277260781071827,-1.38875901308957,-3.74869397753153,3.5348497458229
-1.2244573120315,-3.65033790778716,1.90255751271894,-0.0712229053515853,-1.86811186981363,-3.21048682168214,3.94403232374331,-0.150916364375736,0.1835115937353,4.8237243495652
0.0881968347200104,0.13509807762581,-0.827168542401677,-1.12562413658502,-0.121167016224993,-1.72894148329221,1.68005212813925,-3.16319710521726,1.69711380788995,-1.13538140461459
-2.31923411981104,-0.991441577914771,-1.31965934568597,-0.327237780531222,-2.79927985659172,3.35944765094782,-0.236340608542751,2.84516823906013,1.1677980613879,-2.20770590709814
-2.8839122389563,1.03279420155051,0.417328401355367,-4.07787113755085,-2.31046388038669,1.34841628574285,0.872310689354361,-0.395483515658111,1.32320677999795,-0.606543050413085
1.11912375632042,-0.472859304438935,0.325448106936346,-1.14625729547029,0.055567738446575,1.6963966137148,1.06450654624017,-0.345667720375649,2.06605317912654,3.17785077819972
-1.38667480174414,-2.41806948397807,-0.606486394987207,0.488404559659519,-1.28664327707518,-0.543393139230554,-1.22406980712193,-3.1199668924391,-1.65964860454814,2.30354204267282
2.78391393897862,-1.02295026644943,0.192326985329967,-0.144480103206055,-0.291928400180716,-1.66399657704363,1.94220211395355,2.90251625321598,-0.468981921878137,2.16428638485322
-3.11013596347409,0.541898314202137,-1.77886885622524,0.898207090526999,0.991571847373419,0.0920748617403145,1.98395182075894,0.160576699984746,0.0702697877898437,-1.91962533006114
0.962418090134038,-1.02270264789778,-2.89263137030706,1.74272860603377,2.41372694313717,1.44027015601583,0.896358804758719,0.504432494720753,1.48543242645122,2.22168930731018
0.578421233609123,-0.185220278660982,-2.93156582684181,-2.54652234607066,-2.57714188818298,-0.247404630140392,2.5515110786511,0.643099987036392,0.310567974853255,1.51756180776507
1.32563664300643,2.24203161174213,0.60340948031557,-2.7820320116595,-0.518349578175039,0.887485621539978,-3.02692671847203,-3.05929847033173,0.812505129400623,-1.33301431503445
1.24629078168962,2.28546041954245,0.677260881719405,-1.58182336245883,-3.13769635263978,-0.804204912390818,-0.492051406693387,-1.06952881622524,2.08402382762318,-0.411362979541585
-3.74649058208585,-0.849922799398436,0.652929004649856,-4.3039343086103,1.61310165813932,-2.24601354900311,-1.36648064937413,-3.64004188442258,-1.20855052982897,-2.14526758128115
1.07032070090734,0.665339199904755,1.8016200985354,0.602522125145036,3.53252602439962,-1.35056839861621,-2.01987214935445,-0.409354606799458,1.53869770589706,0.191469624346688
1.93170943269069,3.57165972959931,1.85150059014377,-0.0418169289726349,-2.228620961871,7.87888274827883,3.35540633260923,3.86795959245927,0.276950758624495,-0.361634668216285
-1.9607061190913,-0.797174449603896,2.19171333482641,-3.22995946279066,0.0581194641029349,-0.546340915823378,-2.02339894424339,1.07845244394376,-0.726661595168824,0.874488500111385
1.76893206328128,1.00278933711349,-2.67067835980969,3.31512509429652,-1.69875728118246,1.10471520826922,-1.10083334902056,2.52398068294896,-0.334663683837831,4.09824579199876
1.72187016166633,1.53269165809186,-1.59120942952787,-1.74562110081862,-3.8770720560723,3.70404337131595,-2.0397821836448,3.11793908318167,0.171596442958575,1.01615004971167
4.73991382342013,-1.21975300771896,-1.55991250060232,2.93265839698511,-1.16744896483579,2.26365020432139,-0.800538701059455,1.72245211916096,-1.12129371163054,0.10955429627786
3.42526682477489,-2.64918146288564,-0.508841112774628,-0.0836261756704623,1.15516840746339,-0.515622202778324,-2.5716672476922,1.2269152087869,0.110919900181312,-1.73093975445685
3.20015912568971,-2.40433936564346,-0.194070911053163,0.761848565649637,-0.207393459802037,2.27487580022134,3.30285512598845,0.879502682889331,-0.401126561835674,-0.502510957361412
2.02599052758773,0.753289578234706,-6.24349239438562,0.128234753874715,4.50549404746853,3.77452245382413,0.176124740370256,1.00888256147237,-4.09256270867103,-3.02938680795949
2.10474059946106,2.48485082429342,-3.17417962093119,1.69160099320981,-0.0744490630757705,-4.49226311624974,-1.47307769570891,1.43292384911562,-3.55617725770203,0.613305477170762
2.00362387540964,-1.84639526890375,0.378417225369424,-1.71988727719821,0.0968671757789224,0.585176791624359,1.37350796868736,-0.973595344397819,-0.495906991166831,-3.3940504136361
-0.274463119775469,-2.84559008592588,-0.292125296793855,-2.02621065224849,0.148682847604097,-0.840067611362311,-3.65916067018717,1.82193309346301,1.90030345162841,-0.357557844161095
2.4247045060747,2.0223333058209,-1.60229117135372,-1.5409492619767,-3.49333658531839,-0.139463906641839,0.789662254004475,-4.02069036393913,-0.233430963404591,-0.806149203087337
0.610127792015841,-0.18142371328148,-1.61357566457498,0.0683532219440641,-2.9750619358497,-1.59875039265774,-1.59297532840369,0.692385026072439,-1.35494372157915,3.21489674981577
0.977398677277144,-0.155224898051875,2.74702135830829,-4.53699038243576,0.854760097669023,3.8511865219411,-1.53434911734029,-4.88740224133146,-0.618846982373658,0.799407209759802
0.649453518623401,1.12852701247467,2.02457988446348,1.63149361462779,1.95576559776579,-1.52115718224154,-0.529677479147123,1.38990557488778,1.83113412602246,1.97211844793432
1.50864974171734,0.826315137853968,-0.184212645603012,-3.13579835506008,-0.938464272844396,-3.00386493518282,3.25104599493414,1.11269088191164,-2.2504963562226,2.04523699165748
-1.54110866955987,-0.522422725254879,-0.481978242656759,-0.392351940881993,3.07586607208069,2.05026478008075,-0.634794853805429,-1.89832600906292,-1.781302215816,-3.61365160970566
-3.48016392379477,-0.343005051990421,0.314987017959338,-0.934215221432511,4.39558593770016,2.48304951769441,-3.08234535852759,-1.2976815251221,0.689504541304631,0.684469406533845
-1.01052497557035,0.649279839481588,-1.98888805663844,1.43645594246129,1.56991908437024,1.05574943785351,0.82338718612802,0.726735946469816,1.34921098937314,-1.22707716369286
-2.02641499829,1.16470965212061,2.70127211896135,-0.234307412307841,-0.231143749449941,0.569153627607858,-1.11400687842965,1.32949994239432,2.51335583015382,-1.06896378890057
-2.52571237375265,-1.02817973031702,-1.68170310321744,0.342178416082255,1.52860679173447,0.521837677300679,-3.00727826446692,-2.55530300311142,0.64689255928395,-1.34727409939365
-1.66868262714889,2.136941871391,1.62040952573664,5.32474050231095,1.47386976138884,1.20427037536817,0.442937490716981,1.91001436639981,-0.992825005664321,-0.595017833479888
1.83673330734317,-3.40056562267999,1.33448185838504,-2.24977272735533,-2.30505866007875,-2.03744028003536,-0.945447904099416,0.294516138389415,-1.7126076268877,-1.61389754865844
1.69451266493402,-0.651544721521295,-1.26388528431912,-1.19309411139459,-0.870312617400008,-1.85583815936403,-0.7844391191859,-2.60865312417962,0.249094667488493,-1.50725926958914
-0.993577723519621,-1.22595597898955,-2.97728386258968,-2.37949155476448,-1.66316546959904,1.10130823537985,-1.59185789887,-1.42655999665737,-2.20418637585444,-2.65030125979649
-0.202910971858842,0.294896728215688,0.489471828065923,-1.81755199489737,-1.72284963981684,-3.5131168115531,1.17534704515372,2.43412931500811,0.233001117611165,2.67023349792401
-1.4489726166433,0.576293738403229,1.01516365700322,-0.168646680687344,-0.933925134052839,3.38760174264053,-0.779824690780543,-0.296502128682227,4.23683924709529,1.97219195077802
-1.86530298711489,-0.42527590714959,2.16781409999968,-2.53714935943834,-1.18365589402134,-1.20080017305979,2.03380355932986,2.92638279759452,1.65907431914049,3.79425523168077
-2.89950917616593,2.1195112918572,1.23875475111332,0.33792399915165,-2.21448287035163,0.201089148891814,-0.293725607752628,-1.07113525477473,1.53861165727946,-1.36837415370142
2.07475078561466,-1.0730807202519,-0.247633988214306,2.19985955369919,-1.78102177051342,4.08199985286423,-1.22440818307607,3.58386980323444,-0.289356277245016,-4.59992433406537
-1.3535087918022,2.66293165189353,0.59896962881024,-4.63993731594952,1.77019853808155,1.50884101020984,3.42492888378081,-0.320739155170131,-1.60151961941005,-2.26619879129215
-0.751990977410373,-2.96750067519071,0.0516086817785478,-0.980922557543561,-1.75480484134147,0.482259896452065,-2.73178111384525,1.3314921850775,1.51709164464358,0.708744444382178
-0.778747222036538,0.282276327403838,-1.36190658466661,1.36169819791989,-2.00848717556963,2.41053298528576,-0.718153623678731,-0.909454413536471,-2.03844019948206,3.88120312107301
1.14102630613038,2.78160818273409,-2.15992699091768,3.98027738313555,-0.129125807183752,0.151958364970766,3.6372344334013,1.55092463955112,3.13104719469927,0.0927360482860238
-5.0037186985624,3.29913877265641,-0.692230690934882,3.86469209775642,-1.51433420627249,0.244720067624968,-0.729302860361906,-0.454526652936945,1.23413331099715,-1.01521991215351
1.71988416763643,1.67848740582319,0.0109014384180899,3.4637807687708,-2.28546210360407,0.447962584913528,4.19293299315213,0.0451064711397054,1.11396642517433,-1.37737136412032
-1.42657609775687,-0.102365627287862,0.437954341568895,-1.90230843841097,0.70110562358481,1.12652157860088,0.0766569972886763,-2.11086564237401,1.15206823877374,0.881797248955772
3.647762708102,-2.53263288345589,-2.7019692399228,1.99947044607768,0.926405301738559,-0.735706585742069,-3.46939530181631,0.45354190044668,-0.732309667149921,0.31501347052132
1.3338614271209,-0.905960728372052,-0.0651607608694382,-2.51294550851032,1.55409424948942,0.703561945573567,0.756513468654496,2.68196527266893,-0.283186876481589,-0.694853187492793
-1.13935920688211,1.74494253517283,-2.10484462137788,1.32827346303225,1.63996843226936,1.31310910588088,1.66939348599991,0.959770392707024,0.248318839238433,1.11914709305188
-0.837608910621422,-0.790906830735488,0.67515661153757,0.044392565608676,0.295201171734531,-1.12489489753453,0.0441905931292859,-3.35798814598787,-2.4755499591474,0.969356256053685
1.27985905719956,0.46221219890071,-0.419550476213265,0.300961701837383,0.207491758083393,-0.0244835950216881,-0.578785077152294,0.663551826248352,2.93333034947284,-2.09433509989422
-1.18884710512641,-1.1769085708284,1.97461779308877,2.00646160549348,1.67406332889367,-0.0828260370005662,-0.79919497457106,-0.489738174604086,-2.78656007602528,-4.39731897757975
-2.09387729965171,0.603968671606473,2.58992302469402,-1.84979975069339,1.97916175476505,-3.42177245807146,1.76691180544034,1.68709165281038,-1.93702934297567,-0.444717045282582
0.702907954673298,-1.04350016254364,-4.46849894725861,-0.437435924018565,2.60518777999806,-1.86315588070555,3.19935046848014,-1.82828682937746,-3.14330194569546,-3.63382364550052
1.01979783378997,-2.20332013844651,0.362286780552617,-1.24230350063763,-0.684119036594162,1.46643081065132,-0.912457632513828,1.08372292602016,1.36951471535701,-0.917540885329015
-2.78017406073934,4.46602492991401,-4.38190108082648,-2.17955876475158,-0.230976367667621,0.624389295183223,0.909249986766323,0.620969745435549,0.713579825179254,-3.54011949594666
1.3736085101009,-1.53404525645447,-0.895007661865675,-3.04219473471212,1.15380820697328,1.27612804734241,0.777191127494921,-0.125889905651996,-0.898854647617791,0.788103499150141
0.116572619057373,-2.62599568656513,2.73177879899691,-2.81412375358386,0.567800847532726,2.19231228627006,0.712385555404979,0.845232708938894,1.46609263926279,2.52601955600146
-0.404935856988067,-2.18770875338699,1.16098767713237,-2.21690982447796,0.264691625142306,-1.94751132988943,-1.48865226084721,3.16763824205766,0.745187977065366,0.395161901645061
2.4457195046963,0.743345869009013,1.37093132064614,-0.135009543321574,-0.0745472198021192,-3.72686347787905,-4.43455323044437,3.78738910207704,-1.88537341187671,0.667500643315236
2.1451558014378,-1.54280447125975,-2.23967086764388,4.58729667836351,-1.73125090093355,-1.26144777695292,3.25223845994874,-2.73403789244915,1.01245489779737,-0.700292936824335
1.0891435832637,0.971484580841238,-0.542467489130693,1.0454666908551,2.3224354842772,1.84925728255044,-2.45127321992882,-2.31126622060038,-1.00549716389706,-1.26956033682553
-3.41172179576102,1.19457944995862,-2.06220083844905,1.08089431883512,-1.32695300024432,0.0398834472626984,-0.396176938024022,-2.57534665568344,1.46779610126208,-0.277925593712076
0.963615067784642,-1.47916626868061,1.06586489485644,-4.27105824823826,1.48160890627256,0.781137312605583,4.65007725645029,-0.00143509755419904,3.24026309578099,2.41153062641953
-5.02748643047961,0.401212203815009,-2.53951478677982,2.42480395887691,0.364851085419664,1.57506352550433,1.42263339163195,-2.4578244683776,0.651286978123912,1.52754924424793
-4.969540202223,-0.638160137199408,-3.09089836703728,-0.651201462044736,-5.12303608441668,0.61448726460971,-2.00667461600698,3.166215711741,-0.211669003541309,0.77880562717847
2.93649842000379,0.886643571910441,-2.40913408017913,-1.76118345567132,1.59603834941782,0.69263040387972,1.24316857186906,1.42512670853557,-0.478191082961064,0.722679085703785
-0.399314341283194,1.74740081809842,1.72757705320538,1.72388498408568,0.612051563829741,-3.46711731363887,1.20953741539443,-1.85736350227359,-0.453673942042537,-0.766594468434386
-2.23514445249095,0.524324106519929,-2.41704999587702,-0.225455894829699,0.980890891077117,1.47743434267107,-2.11941327036899,-0.938575751726449,-2.69315580064215,0.926509911231249
-4.6324429699608,1.05824081912634,-0.159101673311971,-0.744180206320447,4.65532527712006,2.99190719008345,-3.96700553960017,-1.08233030253171,1.86690359928779,-2.24606393661123
-1.6024335348118,-1.77526870487699,0.289452224912182,-1.16446714401006,2.61838571592491,-1.07153480355645,1.46568994007783,-1.69797718389369,2.72638151948638,0.606121373593398
1.48139227246434,-0.571693780227919,-0.0150800892114086,1.07248586289272,0.274438265696837,-0.093666206698495,1.09864514578188,-3.0646711414077,0.360387509609601,-1.34026748991442
-2.97430494134524,-1.34489189000776,-2.36164239392528,-2.33358537121775,1.5845112424206,3.07962115318389,-3.5874819041114,-2.68180780021151,2.66759364736567,2.08184055888622
-0.856770377414296,-1.67659394537974,-0.669947713320992,3.48883729318476,-1.76181950593438,-2.34912416235373,0.987943043896839,-0.0886228539831669,0.26650230306663,1.36986783369688
-0.97321127644494,0.0504030655643914,2.24944890457815,-1.25436055915088,-3.09590593679522,-2.15000732181829,-0.389917609048563,0.394202992876041,-1.17077221587776,-0.479592098630072
0.935447025310457,2.31023132026343,3.75120181242078,-2.35929469978375,3.09393719843984,-0.273075375465092,1.29688711209859,-3.20256886192713,-1.94985781435669,1.70690010808557
2.23973969053273,-2.70188800942125,-0.325946385945287,0.323627759274373,1.00655792598086,-2.26117697074534,-1.86388351519341,-1.79069086803974,-1.78155460831951,0.273967225002681
1.58838317489192,-0.585617806107607,-2.02531720984091,0.0791224488611794,-0.322542477135186,3.47259052009371,-0.709353035900426,-2.38577301391879,-0.364878472873629,-1.43381790917518
-0.466004972262116,-3.29182658429333,-1.74336231313027,1.65507198845547,-1.44245136455176,-3.01106112091427,3.89726669362036,3.73570916318194,-0.447617079556464,0.520813563213301
-0.696923334491743,-1.63351184396579,-1.29890056640781,0.420822186521096,0.998508608683761,-0.92293062293197,1.83445434077303,-0.335739220937225,-1.45929665172398,-2.96217936146897
-1.49647704649724,-3.2976807314821,2.31212744089658,-0.159071741912787,1.92245095835443,0.695510665014429,-0.382706120564628,-0.977552782699673,-0.423095144644011,-0.516528735129689
-1.90523135491088,0.168240319814513,-0.483509904382597,-0.713947225845365,-0.0285701021761813,0.494950516108132,4.4512087183552,-1.62577724057974,-2.51007098609696,1.24298678826869
0.526306292796407,-0.234851603362012,-0.239027532324456,1.14064808216104,-1.57732329843857,-1.01104142431979,-0.78873477706859,-0.0107618596916536,3.85070184137124,0.458812865356247
-1.13202575379977,-0.0215363246239399,-1.01337519396893,-1.0651893372998,-0.0135244189261409,-0.592640486342078,4.80802967623687,2.23771683050877,0.366158508428092,0.000106518317752467
-3.02472493908139,1.40039621183472,1.8518860563722,-2.42031885875581,-0.718526972679082,-2.67456488545806,1.93203070281667,0.430330707474191,0.291067220782007,1.35289991335684
-3.71339739481977,-2.21461216137847,0.236958585183943,-0.550783034512362,1.7478035035366,-3.53814601265686,-2.3839527160626,-1.07009588136134,-1.72125674421084,-3.23310496942448
3.31514359350095,1.38931905691548,0.359747001737328,1.06040065377805,1.17544942875845,-2.03457487134761,-0.0942692242164013,-2.00481515681509,-1.13365751338101,1.81511743987641
0.232548088406952,-2.67328612999976,-1.15619412180073,-1.04529314080106,3.10657972711918,-2.28485686203335,0.0931901806056905,-3.72636946428007,0.28317502553999,-1.46975192633995
-1.71167830142764,-5.25103961412024,0.9986807304786,-3.85826746107728,-1.79735165333162,-0.0577721274172454,0.674332456921367,-1.91600616687184,0.287386846121848,-4.45756226014085
-0.283358353336983,-6.36662757984767,-0.0924827585493709,-2.38737572370416,-2.08132253582718,-0.281194304477916,5.96099434161054,0.675047567397466,-1.75979409317226,1.96056447705862
-1.25859239722856,0.599487709794656,-2.10959605266563,-0.429673793281521,1.04543859982677,-0.255780185590907,3.76731759999698,-0.512690806035526,1.08964433229445,3.44077640615165
-1.84181612099933,2.66458361244549,-0.198167831730299,-2.44350556022098,-5.5440535620728,-0.23574298367507,-1.79016898518294,-3.49566026082414,-0.260215700121588,-1.17377796188135
-0.561609634944742,-2.42142675462748,-0.578147025180318,-0.0202528077750193,-1.4364393304797,-0.336854353353836,-2.86112051443744,1.3625413046214,-0.338077532244912,1.01565154451068
4.48375524403079,0.950583156276028,0.523701601893623,1.0793389263848,0.261732163451477,0.126324458559185,-3.92521955198288,-1.34582734234289,-3.54881456631175,0.412953074255108
-0.524779568184201,-0.20861522753698,2.28909525110159,3.75272577433253,1.12891623971214,5.95304605208952,2.31364195297875,-1.40979939430254,-0.151950411584173,-0.899234899923883
-1.4430186399193,1.66229241557126,-1.24406470347046,-0.625366777397702,-1.4301341330694,-1.41953677045033,-0.972099926930203,-0.511700704921416,-2.10618396149535,0.444915730633948
-0.16741039893708,-0.298409208821411,0.151712848980857,-0.666158667312266,0.739365554012309,-1.42678062024392,-0.137564318724694,0.0914036358446647,1.07063016168637,-0.265643687720203
2.79279532490895,2.60159690203398,1.92173787050502,4.9230978631529,-5.01178612822509,0.255628890165178,0.860147363739331,3.78524607230844,1.87405955943249,-2.48653364494299
2.01880577636163,-4.09159989468217,1.7680851500552,0.269816286174312,-1.94464879861841,2.80318044577822,2.51240941012849,-4.58924417345539,-2.43838095683996,0.807567362268875
-2.07664125345121,5.00176252384741,1.65983329580011,0.162359097328385,-1.87182056407208,0.145469640950878,0.141995829970332,0.889576235427115,1.37360594274379,0.525700761917857
-0.380011075471936,3.63237221479977,1.41249835173893,-1.38222203450696,0.081938699295087,-0.80526344270416,-0.00955734012380756,1.86599964204681,-0.767184258149632,-0.578294917250609
0.442030758010353,1.72442523990081,-0.332835208385118,-0.529318216873549,1.10463895029176,-2.63097664951565,-3.60648356015981,0.248992962530012,-1.30602548796467,1.82189483617549
0.514378480985953,1.80086300078608,-0.111152007694089,-1.47047711462586,1.78130861187862,-0.105369943662063,-0.386205735775321,-1.35143282864795,-2.28626710242226,0.0452873901296401
0.224310238922986,1.50892028192341,-1.09149520397906,-1.53264743454856,0.730165414332354,0.0409921307799695,1.48751141882004,-0.677235005123792,-0.733462637503932,-1.17465421596984
-0.427156575262137,1.18394328106928,1.06925612291123,-1.39040519868778,2.20253907091478,0.512311186732492,1.56422087255791,-1.5745940660691,0.834214984488211,3.04851800366737
-0.184196826941264,1.9219189286953,-3.3386857425484,0.549776111572431,-2.5319811663989,0.353104754953451,-0.0363423016865429,-0.439798034657348,-1.10311822458783,2.72418081095958
-0.11824552207739,-0.674171326070414,-2.97858942324762,-1.7707978977769,0.834395127724005,4.40859783960896,1.84651595213535,1.43733024762111,2.68988823963476,-0.130563403816202
3.87966950183631,0.347309803700363,-1.73114862178574,0.69315216887418,1.74297007529789,-0.9329147151282,-0.548686080308819,0.467546675706727,-0.939646232109227,-1.74796297643976
-0.275352564564897,-2.32034338610815,1.33541927354789,2.06950341625009,-3.29013572663158,1.11406631730544,1.25576561845172,2.55510793776582,0.789625065157001,2.42068440011127
-1.01003295890303,0.306372646401179,1.94271446703987,0.628789234835982,-0.978031602133772,-1.35911735811731,2.50589794587476,2.18678061023484,-0.280845836070842,-1.31557135364518
1.26737794128116,-0.439075255134859,-0.524446996677368,-3.88496773132931,2.24169228137226,-2.07956537765468,1.57953343697254,0.328244276205458,0.101745538996672,-1.37550751264992
0.942546960357827,-1.4904035713424,-3.51006508610481,-0.20996115187089,-1.99585784739845,0.513743359834806,-0.921634711911264,0.723998440379211,3.12838002611791,-2.56505994487969
4.95244955909517,0.479796441263766,-0.686631075002444,-0.0934087799385973,-0.243410805055457,4.12432738045184,0.561974878210123,0.622838930725794,-0.0490371512212044,2.34372354695036
-1.41938594090276,-2.90411613511346,2.35578652002354,1.90022631169007,-2.37106864622246,-1.25070511397678,-2.7857882210636,-1.45674102355824,-0.715250926516076,1.0644799685426
0.219112933204872,-0.939155988912542,-1.14490924495065,1.16357535632959,-1.73640537137581,-1.20896708063436,1.42284989602165,1.33500217643695,-0.407700547558263,0.698007536126328
-5.71694785820477,1.92178806211791,-0.269637101805326,-0.20372629151046,-0.069340069875003,-1.62086031825465,0.406943495905538,0.29377032341643,1.38190716430954,-0.712019602656041
0.330937978918867,-0.126638857032541,-1.14664635258601,-3.65407969797967,1.73064854124489,1.42202481900342,2.69553811372808,0.909232523389622,0.0605449487122293,0.344304897751327
-0.276958110381574,1.3553022104303,-3.48828567801914,-1.8197639432755,1.47490470520167,0.274698743277398,-0.43591787450347,0.694949883836889,1.1210641755933,1.20595960642138
-3.28208509724547,1.20630476521383,-0.0472575625263525,-0.77124082640671,-0.223894582260939,-2.16834068669481,0.82283986899579,-1.14929832954077,-2.5117435701154,-1.89994302159234
-1.16386549435547,-0.180177664689954,-4.94852162192745,-0.560354339803137,0.511320349182159,3.34761403027163,-1.53839549984288,-0.805639294217702,-1.07809648233997,1.41749066265827
1.01665889809712,-2.17692497185399,0.0765400763068939,-1.29231834812057,-1.53703545392653,-2.55794166927499,-1.58466478423061,0.684918050779171,3.78228507012711,-2.45201792137838
-0.594965038438434,0.835100762479594,-2.27503102399283,-0.464628079302358,-0.697938459031348,-0.448979594095802,2.67438013124223,-0.299861703691976,-1.11545573703146,2.23464932152234
0.255471879280663,0.708651363977766,-2.68228377064757,2.45559307932312,0.677486296056492,1.7635921158623,-0.252824380921245,-4.10638039054414,2.7354918955032,-1.29766152100669
-1.91779257157113,0.536653294515507,-2.71601153577143,3.04796458796095,1.75010100746214,-1.83057043911945,-0.534392969109542,-1.58540086077659,-1.97988403004672,-0.852265961290774
0.962773885006906,-1.0862676130936,1.68123965930127,-0.0641224045576231,-0.140692273487252,1.29079148877039,1.49407541726937,3.73774369412547,1.11231158786216,2.63415161737003
-4.48347297591886,0.207188292596766,2.35363336033627,-2.03612731124692,-1.96413383564704,0.760399587825146,0.255981440846102,-1.21700538704514,-1.99659655106118,-1.55284737602983
-0.0368967410240761,0.196761398485106,4.53950712532404,-1.4830433923382,-2.25168963211752,2.65460753412157,-1.77643250159023,4.98564589277494,1.42203891575275,-0.0356649525085797
0.864189125030856,-1.49641228871022,1.85530111392385,1.78772399850986,1.99481928495069,-1.41435815460364,-0.767895300619738,-0.653778145122916,-2.72829408776413,0.0764982810233078
-0.297186909979002,1.57062348905743,0.483239204477398,1.50190051367928,-2.82344354837022,-2.57508093379193,0.413613055995681,0.983981394495505,-0.558992885011616,1.16293030505232
-0.259243330164604,-0.287821362010666,-0.157970640175212,2.25455802601747,2.44927706489481,1.67414553107124,-0.477034685803103,1.17077468481672,2.18434719634352,1.91938333184851
-0.401725133233272,-1.50019242362213,2.66710893264911,-0.559041542151741,-0.998541115533161,-0.874281637311354,-0.688294029269514,0.484459163325736,0.226083474038605,0.954518131830514
0.438592892928738,1.4706352181295,3.12919967290816,-1.73912779042957,-4.14919614356127,0.138236125018253,0.818397208618678,-3.95659872325871,0.560005152382981,2.42684945063609
2.70932987372667,-1.22720362205264,1.96665056110963,3.80021564150022,2.11466427756893,-1.45910744044158,-0.679324034916604,1.64152993949591,0.165792331095061,2.35930781160237
-0.102422515020794,1.81162954250542,0.876339111965635,-4.94109472786983,-0.835002142546179,-1.04332652644161,-1.82325988403166,-1.62909791445488,3.55829651615889,-0.405725441525267
-0.810302450816107,-0.277845516313395,-1.58790741124076,-0.465567133653728,-0.715818567683275,-0.512043876607479,4.68069465009565,-0.187926644147418,3.20782203645065,-0.557431071825197
4.05231531734368,1.24398574552024,2.95757812782411,-0.755694985866704,-2.05250774889411,2.18575891582413,-3.21854459733255,-1.495092745301,0.2573317211521,-1.56800239920879
-3.89613244336242,0.0967878577412786,0.295607574414001,-0.196282981075657,-2.92293339693066,1.78097641642586,0.106305423281125,4.3732960606796,-1.5586295988691,0.0320459718420726
0.523213299204922,2.51782109699894,0.804369711194973,0.523417402241266,-0.824559802595428,1.89908695166996,-0.336816653851992,-0.566157233608746,-5.69757539044445,1.68176777626254
3.07951013428558,2.94683803495966,-3.66123375200014,4.62190332640159,1.94820779346183,-2.44855580933006,-4.48128988367455,3.373279670707,0.587976985757979,-1.28993367757516
0.853263512251801,1.27382061187909,-0.696328771050335,-1.42762857813189,0.251325384709192,-4.31447849554781,4.1123714919027,-3.30541566379144,2.34822647467692,0.238564632934271
-0.0968176114954105,2.78077194735646,-3.13164756460154,3.71042424343597,0.685561058153307,-0.198384651693484,-2.49719914368263,-1.60581964163857,1.34383776770868,1.81492578707722
0.422810946446856,1.97761008502635,0.65550106724742,1.10112853025896,0.764773988948232,3.72843792629972,1.49049063046599,2.46622781811028,-1.69689074655824,3.70921708143907
-0.350332182071977,-1.34742473405835,-1.54861163542992,-0.813504227852371,0.708281507057298,1.77432296026603,3.87320847667502,-1.43130540020423,-0.253850625213775,2.6853001123621
3.58520747666292,1.80516562143444,-1.08921561800261,0.0593710432944871,-1.85024746362234,-0.161178314846628,1.1351482081435,1.89095463432853,2.75578518112373,2.05992755483087
-1.34055777087514,-1.63195727435911,-0.0631398086701316,-1.18861399231602,0.488675002050028,-1.07504663194166,-0.435567414209863,2.02563475378686,0.920326789803717,0.0436656885358081
-2.35285438515865,2.52957789611269,-1.39587472246011,0.638651002105584,-0.287104430984838,3.35393300994678,2.49829055903946,-1.47150360085026,-3.70455013433155,-4.1812220258755
-1.38248194902722,1.12404213461321,-0.94199075814636,0.896568033462964,-0.115176925005107,-3.91156242233948,-2.04117604166744,-1.84804118898807,0.283263937933227,2.05209558477919
0.100466280803117,2.3612292315256,-1.97762477520583,-0.755333360775925,0.279283359316574,-0.819937067953071,-0.720565860479119,4.2409573711098,-1.71703067379673,1.55311195131074
-0.291380542025818,-2.78787294391106,-1.49778331644249,-3.00049156095946,-1.02501434028761,-0.360627765830664,-0.12150874278136,0.641902985022909,0.184241307541428,-3.37896946086271
-1.56099039192274,-1.31944834566592,-3.01858912428461,-3.70718137896096,-1.68605818231944,0.91025672169079,-0.656189323108713,1.78560739178213,1.58876143233532,-3.05228738989281
1.3779194529431,-0.0353218455852626,1.67785897025648,-1.95916171324168,1.20152009800941,2.55755955456681,1.20271414650434,-1.8693626509609,-0.0125459577649364,-3.96321725278317
2.83969339687783,-0.837330442332132,-1.82874168727367,2.65806701672869,-4.66958148354531,-2.53280122455537,-2.42157713209175,-2.08125192007319,0.0466440096107434,-0.0456904078907328
-1.50706039099368,-3.13569117864064,1.94283056118375,-0.546312393886954,0.459651247677478,1.75682466642426,0.910101390526862,0.402377258392422,0.0602290344321178,-1.17718059998407
0.137353920437085,-0.969509939972625,2.94112044045828,1.58479913951868,3.25102052683039,0.877814637869485,-1.28550906774582,-5.10121095024733,2.41423937088858,-1.65297199265968
1.87331103006352,0.236405417305297,2.77565167534107,-1.53027194971818,-1.55230311664303,3.37413097118659,-1.08440406758468,1.13078310260545,0.280824040605974,-0.579939567419561
2.42024065442148,0.196235437822572,1.00323078807502,-0.557120435381465,3.58190639837148,3.17225925858291,2.07714752600991,-2.87885200965304,2.1456447725777,1.37911220495666
3.3837497383897,-1.57663746083411,-2.13448426954432,1.02405556284148,2.2202606737067,0.78205148258344,1.14832458043095,-1.67113765497957,0.151303346055106,1.72222993317188
1.09327846178983,5.68795704599923,-3.09452500117771,2.47855578747883,-0.882470262504314,-1.1921503847428,0.7940827083521,2.69294289121579,-2.07428641877499,2.62038587197709
1.70620194078806,-2.28697148449429,3.78124053270403,2.90199845605264,-1.24149913787738,-2.45068057972276,5.30228534909393,2.82702754064719,0.890535381484594,-0.317568406261656
-0.317285806905673,2.43756617275195,-0.602608461238267,0.268928221796186,-1.94630874676256,-0.923986746002316,-2.57308404633936,-0.917351544378593,0.0819436872199438,1.22358157592241
-3.34121251532014,3.97919066372276,0.449011921200955,-2.78383393598348,-0.617141820195431,-1.61454290366747,0.589964291392503,4.19445680615898,0.371232987151654,-3.18104062827131
-0.914161683432562,-1.09668929543839,-1.50319175102875,1.19307195694329,1.16261226037042,-3.49314392014205,0.700318090484019,0.120621657035983,-0.677378294704998,-3.59771581839535
1.48007812064006,2.49987404699482,-0.126631013147705,1.66036508341055,0.645682481936194,1.082962915222,-0.563776554981647,-1.15255383495226,0.660634948276393,-1.24769413095846
1.28525894401826,4.62466957538978,-0.0790006860697583,-0.00172351616654755,0.31263792623775,0.689835208134275,1.27324970353767,-1.30741645803396,1.1839806610479,-4.78670132114213
-0.928456608848018,-0.617491463801351,0.677177549485933,1.67902958904992,-0.571302142710509,4.11524785165538,2.4648738533885,-1.64170612770568,3.81752687676973,-0.188897577530216
0.474749670666326,-2.41329431643287,-3.91598682118021,-1.85895648541668,1.66211327346529,-0.426530934665844,1.23920013538538,1.0728359666057,-0.718294513640361,-0.126945354902905
1.44251999299033,0.843210829797206,-1.76016049783302,-0.943957988119252,1.04253001081628,-1.42603759362362,1.09168741153052,-1.93700696328116,-3.89532764419433,-0.410564592842002
-0.672808050471737,3.76712072314117,2.77402647445735,-0.907263266580274,1.41105861872814,-0.938577889348467,-1.77001212948715,-0.148349693519001,1.14358636164978,0.851343516399148
-0.574272633088335,-0.0321665122064224,-2.36998850649555,-1.02589773791052,-0.184153828045949,-5.71918680362188,-1.62965756530093,-2.34926265100413,-1.95729164611757,-2.76711078648992
-3.28148792353432,1.01047926219898,0.144133893128233,1.45259285660661,3.13679424944454,-0.251927286914501,0.0188196581386054,1.33521650175128,-1.93366527695489,-1.48092548256754
3.34500110290503,-0.2216856953794,-4.47983328715694,2.59001301640882,-1.99022253638225,-0.216781001752181,-2.87792133744532,2.7126860261106,0.698486807737242,2.23899375010332
-2.6861289431866,-2.30914611163131,-1.58981962743023,-3.52749561636084,4.39320193364841,-0.845663370034258,-1.37603775528856,1.24234415955231,0.352932445569348,-0.748220024986397
-1.89559776647785,0.751127066491994,-0.935879036928434,-3.57407420697243,-0.211935215967413,-0.108773731314241,1.20409644715208,0.0745695576798844,-2.45956392359241,-1.94398027208581
1.21614754666043,-0.660754858849464,-2.03150285048955,4.12946410838459,-0.095833620557742,-1.35250661681604,-4.22060258484513,-1.05977752803441,0.232758193473156,-2.07759761761435
0.203119652026516,-1.01218912397566,0.84444590711112,0.309710656842929,-1.9531832653646,-0.648994980336505,-3.21624635723941,-0.6706427484012,-2.03935219903164,-0.235655586949139
0.394665057188315,1.90443728570726,4.65647573157388,-3.58244255343654,-2.06691237342764,0.610052892482378,-0.471860142226629,0.680609148797582,2.69737823413528,1.46642151016877
0.571393246855113,-2.45916750954415,-3.00046665200202,-1.46624068254974,-0.93838223477977,-0.566491683339397,-0.871039971009041,4.4100090192304,-0.780232528030453,0.236592524114461
-1.87682580866323,-1.59019588839053,-0.463079459737125,1.68578498515538,1.55875088038226,-2.97505909109538,-3.40610630781078,2.41658303862945,0.193940521657659,2.279554462697
-2.25964656541405,3.2202619293021,0.0236106739401516,-0.467688881377183,1.663006929316,0.811345577698169,0.123338015421495,2.7435532970386,1.0757239608379,0.0422378964029159
-0.971262568123934,-1.5435520313108,0.477272473065019,1.40831871997424,2.64665290158076,-3.23798965658006,0.414744912878981,-2.06026083225205,3.13853388665612,0.264307380484251
-4.65704478833563,-2.84315272908912,0.526969923948018,1.89816645213772,-0.620019968921982,1.70702424269167,-1.63546048330688,1.18534314224342,-2.7294366662525,-1.23871589965492
2.83375451200336,0.42036658705272,0.475950045072201,3.49094782935884,-3.21679714672333,-0.96428318242897,1.53427329382687,-0.228263630727049,-1.72348659339717,4.34421969987096
-0.497218069750873,-0.892819402761663,-0.603207386164094,1.13583317748917,-0.473565319134543,-1.41588681936005,0.175814811572643,-1.44827282901719,-0.175496187968106,-2.9228378359673
-1.07242585495364,-0.248883954614228,0.936671872444642,-2.49203287609974,-0.396631032296529,-1.50392585683769,-0.297788793038254,-2.30269373635922,0.576613019393792,0.644753480587099
5.29955365036687,2.31261697456003,2.32436120744839,-0.132367718240387,0.978404852758157,1.96577171021478,0.316706531149918,-0.276009913358376,-0.917512524453389,-2.8094158216525
-2.90793769367833,-2.05940427233427,3.32813943085085,0.433913264204967,3.18719958562189,-2.44916318515592,-2.25923232505675,1.8758896954067,0.578749476865233,2.49032336190666
1.35644788289445,0.595106021571432,-1.0173029899884,-1.15465600521567,2.04698944704434,-0.819216480428479,0.153735203362699,-2.34289762696411,-1.31422186651687,-2.83173378719066
2.82501703261711,-1.63747252692036,-1.46208082095048,-0.0595046204750146,2.39750414840265,0.111406261456058,-3.10594854789763,-0.173726546358716,2.89396894941913,-3.0939578267701
-0.794232601799602,0.760156987216014,1.79087800140173,-2.73101250057914,-1.88938823332998,1.41261487285402,0.258520936964837,-0.27668837779835,-0.814680824251953,2.94009203300108
-2.37541219844386,-0.5887392672908,-0.997568176059439,2.89708128403683,-0.161065093304069,1.17714079284957,-1.39044445892611,0.653377870029739,0.656675475213684,-0.75732692191649
-2.47053046590975,-2.28859944239092,-2.90175056341631,2.13130427057246,0.0139082316080831,-3.07974065443757,-1.04357097806981,2.62500243716417,-1.76188682293959,2.06970598403065
0.553610811017703,3.47782296978806,3.01353043703874,1.76497098428374,-1.29864975049261,3.10442994827992,0.277540246674659,-2.37934469841606,-0.974623985718019,1.53711182931932
1.90607527568338,0.59108558385354,-1.07165723792628,-3.28175431884957,2.02229054992595,3.16310544530127,3.98977472142347,-1.8824849261279,-3.83271685470547,3.87024034683913
-0.539458866722109,-2.22405857636733,-2.34890109134163,4.29728072156697,2.19644283926534,2.65840674084093,-2.67298825452973,-1.2849057638299,4.02766543677193,-1.72213826428312
-1.15446016074744,0.504684574777527,-1.17105820548483,0.714829591394656,2.06519367170104,1.36329051545538,-4.21333687467057,-2.39489597918011,-0.726090269893092,-3.09239118893754
-2.99676514048984,-0.232747870675529,-1.20405367416704,0.0450722407175895,-0.0550773829293922,-0.932668346177024,-1.35788097466125,-0.799164799978186,-1.45920831274943,1.99094715555643
-5.38501461194696,-5.23791505520582,-0.732162762797537,1.83281430508012,-1.38367279630837,-1.18062520599946,1.46145614578831,0.258294450827632,0.0902663434724082,1.28052913802288
3.96649858383847,0.668891315847392,2.41851063956185,-0.363755202254273,2.40620842335165,-2.53190320280645,-1.35400532634555,0.518573040614931,0.0136799985865301,-2.15847792210899
0.142812911072559,0.77480403374411,0.551313696885836,3.96528096661529,0.456010150277988,0.478368654797924,-2.58685249617797,1.60796520668592,-1.17583625903096,-1.6846391866903
1.95903256614412,-2.64215275098709,-1.60302284280167,2.06570578159443,0.00443128371208107,1.40684047407319,-0.444111108267456,2.63690369205946,3.53996700198619,-2.19998397533865
-1.25418137895102,-2.73659698341467,-0.00576399451607599,-0.645518476021283,-0.0712353303291803,-0.399235602392576,-1.11668665475696,-4.15627412020449,0.970659543133771,0.831329091006698
0.597776173804082,-3.26837574336338,-2.04317554058465,-0.833945364445935,-1.21140275653668,2.04835370559211,1.67703465588161,1.24449980077089,-6.3632429456502,0.090256359141974
-0.26979019607397,3.11663255876197,1.17648388489678,-4.72555699714427,-1.49223655425057,-0.472014822383076,1.85933329901651,-2.30289705498462,-3.80920844365031,0.520649745164525
3.76254360849144,1.82986397989154,3.08136437975604,-0.208117812359394,0.179148670352123,0.558752213185973,-2.26950688046806,-1.88413135052749,2.64626299882398,0.214467256124411
-0.566290869843501,-1.59279796287789,1.44787091187954,1.9627524211475,-0.226995489636362,1.28476540116896,-0.701504251442858,-1.07772350477683,1.19305650879023,-3.64251456871355
-2.11940814224389,-0.806018750446559,-0.173144046184416,2.18946591072693,-1.75485033830639,3.22547422041597,-1.5842595324444,0.886821889733126,1.84465078260258,-1.88366198356896
-3.08850312814753,0.229594513632053,1.02659895490779,0.751884197908821,-3.9353655749377,0.6777963697623,-0.523136719227637,-1.09473229183425,-0.0958175136440036,-5.61656978166405
-0.585702372084229,2.66473678526683,2.1202468278303,1.65985440492288,-0.338887732514347,0.754558838411386,-4.75222427519452,2.36835482370975,-3.41030198133669,-0.261232121356477
-1.18893497293911,0.785478563273046,-2.5102311348912,0.516298301835096,2.46865499615097,1.9803891084757,-0.571198043629515,0.744106077288987,-2.91459972161997,-1.69077784559069
2.07873660897191,0.872784306601541,-1.84354037362078,1.34094093438839,-2.07193673736764,1.40840898565328,2.33825066055302,-3.99367152483717,3.37787058871457,-1.88404884466889
-3.94402624289151,1.11805361658923,-0.622353052922621,-0.99767997258203,-0.981115429852822,-0.247244950139862,1.3819599519339,2.89118734494115,-1.69945457035667,-1.46610264155348
0.662108646987818,-0.648777857023709,2.61576354413976,-1.46883491091942,-0.121930210239357,2.06804896120319,-0.580904774009513,-0.225573752025372,-0.42345832800137,-0.549396571430043
1.2787978508367,-3.60916623407905,-0.0880171970070953,-5.67630683958694,-0.516272657745149,-1.7845099359162,-1.18308757557775,-0.674413972229316,0.682177244583395,0.617715950906211
-2.9772633463498,1.09626744132112,1.74636032590205,3.82216935028469,3.11388887885636,-4.53637790896304,-0.75730400694377,0.691733549814251,3.13205095514269,-0.226575376733555
0.618433825522211,1.44367202886855,-1.00019790622016,0.168028825473244,2.00415263491393,1.30309197520097,0.647369947930158,-2.69276776312813,-2.30130599087846,-3.30007330039383
-7.19395926944225,0.0013304795095274,-0.891853079359168,-3.44623986746316,0.909920156561309,0.421759392633443,4.7881280010396,2.39850793704207,-1.38049440325125,1.54264415105787
-1.76654824184777,-2.22291217985708,0.666334310448331,-0.927839338520543,-2.5101796274688,-1.87141913825796,-3.23952204558787,-0.837760662035598,0.0868654733596626,-1.0780441327304
-3.66685218216303,2.25132116133022,-0.154353388229133,-0.965758950770275,-0.75390546645697,0.556469766223009,2.35204619775869,-4.0282335330532,-1.3130495585238,-1.80448075054554
0.415011499472268,-0.627097465961881,-1.13002710642848,1.05331042591215,3.30778544577168,-0.380368005420374,1.62075210071771,3.59192214030977,-0.867921234931605,-0.608801974840032
0.196588528412444,-3.99946505949069,-2.67383176500719,-0.810511801793172,0.323819302059218,-0.20885625195412,-0.399349654856223,4.26667810603897,-0.121543317194252,-0.890907878232953
0.762251453599112,0.673054338195428,1.17733161531087,3.81410478133192,-1.6230685188936,-0.546640193608875,1.95273149298097,2.50206816678695,-1.02071900037283,-0.990003317273527
0.739103223095134,-2.07602968990788,1.78108219635894,-3.82566069199358,-2.7475714298209,1.96522914541389,-0.742709925961566,-2.48035492025227,-0.41533924719039,-1.4509228755578
2.91885881203501,0.939143020765717,1.78253041763431,-2.70493485402816,-1.14009258240312,0.109123705520434,-0.197858478122389,1.15173681367867,-0.117377841774987,0.748083390526212
0.561673897922631,-1.21105013715645,2.13594397356966,2.11361751654165,-2.37920197322805,0.483237898496516,1.15909904367467,0.516381936515219,-1.30632207893463,4.5997123539941
-0.461628553534524,-3.05855614669749,1.02053272507702,1.08031570315134,-1.40579612944066,-2.54831579633727,-0.487428680586324,-0.408789404928493,1.17379437206855,2.2400918307874
3.74383974395536,1.55996927623033,1.22370095875424,-0.0436019015619635,2.46017945770113,2.22396123181389,0.162562846653218,-0.369669156077885,-2.70474714919144,2.30726834847683
-2.52588675421821,-2.11499303912346,-1.38110985114587,-1.71694259984256,-0.238337561268209,0.350616071499764,-1.75265833547456,2.21467428782696,-1.31557371686938,0.224403426528545
1.73779949270759,-2.46279900411715,0.368162503918624,-0.650744842281557,1.35626497435743,-3.19099962222051,0.864200003280599,1.95612683103225,2.05908506793998,1.75954172247345
2.18820163362697,0.484887367501319,-1.12452772842932,1.67934711991509,1.00100611524389,-0.280136530024074,-1.37866478743361,-1.32672308042043,1.29456433826998,0.163120850289524
-3.03635054666973,0.996184320972025,0.844606035593569,5.75504495193657,2.26392646030903,-2.39399207635334,-1.46092820606581,-1.99462428802952,0.14598696032051,-1.38033231525058
2.49507342850197,0.31908607927586,0.235825414696962,-0.19757132238502,0.770034375035253,-5.61494087662356,1.01919196560008,0.706713284938814,0.288186184113859,-0.562360699793813
-1.15397706965643,-1.04775774606204,1.67256118470011,1.08588150850969,-1.67092085611446,0.418606375071011,4.24100319754616,1.10945086862482,-1.33382207234526,0.953484343318531
2.63227230304849,-0.567640622651365,4.86204542207278,-2.0781888756382,2.68259876155069,0.947096160314135,-1.86915214507768,1.5142741607531,2.77499016966829,-1.35241237239926
0.513490991812462,-0.600544771842226,2.22427022159354,0.721127102387238,2.38121454349359,1.33451734787122,3.16607595788986,-2.07149556692336,-1.32255839329372,2.5931452118523
0.965229233403927,4.51127105521303,1.21731976615269,0.761350166619634,-0.807997627641648,-3.81986646926394,1.5273579115065,-1.26204934850825,-0.356795457008121,-0.947474156835154
0.25993853597927,-5.11974293419965,-1.58593750325307,0.442715373771338,2.00329206615413,-3.32172975855324,2.44008228730799,2.11162018892299,0.641508767921195,-2.71188055392786
-0.897801456550056,-3.06073309868581,-0.174246819276402,0.169570059137842,-0.701859237529093,-0.679973215426775,-1.51666622024101,0.86440730710696,-3.08390289460813,3.41744526496652
0.763115194140816,-2.66956992769872,-0.275821305521159,-2.49966560704282,2.07847246829666,1.41914326814969,1.57222342845362,0.254155338829497,2.11005209197982,-2.73108103252147
-0.991086976438595,-1.43839508946981,-0.43470871139245,-2.94013507574256,-0.466467171073474,-0.62370691083234,-0.55649008202345,-0.361583402870294,-0.55668744816764,1.80362552914195
1.85517181383115,1.83950850916738,-0.983699565855979,-1.23275243248102,1.18834686352567,3.06715901687203,1.61609618183495,-0.495540869223943,2.22085598364847,0.0516734185250748
-1.60230304902709,-1.43124825157217,-0.960695098261431,1.2960743043322,-1.01267664648448,0.469622929369536,-0.275320708746592,0.297571004072698,-0.437018895885082,1.39119421966676
0.488409099616594,-1.20247928609276,0.0784934680843776,-0.881242385908288,-1.28659687000557,-1.11525412033346,-1.92435158611263,4.05225519886071,-0.140171310304074,1.26679744425614
-3.95204366002746,0.648366062576759,1.73641144586123,0.699535728432578,3.58867991335776,1.13565605201379,0.355284011099817,3.65414017575588,-0.555306363601886,-1.51511701909917
-2.20748953679453,4.53527582660037,-0.359046437504355,0.412770262872637,-0.0946112158334406,1.57337545339446,-0.248335379792921,4.29936252941709,5.00533739108325,-0.659371767600543
-2.84561457834418,-0.896364941898139,-3.23191533684221,5.85189646337754,3.04803462612478,2.75311197965542,-0.643243556560868,-0.303008293341208,0.372074185545403,2.25197237395315
3.84234317177106,-0.50782475291039,-0.540139109029785,2.97108134071566,0.656941581639176,-3.41188148315557,-0.350666417463724,0.338017672299713,-0.640780561181819,1.70582336521149
-0.979244850130791,1.9612335149577,-3.07965532666729,-3.04396848999132,0.330684943596374,0.73034716808655,1.42116464969717,-3.00043432422141,0.671014087627939,-1.4706736980686
-2.66950381184709,-2.12172598242795,2.26144485059555,-1.80359154195024,-0.213537471781038,-2.28833161286177,2.01088550698157,-0.740212013681663,2.93987852228356,2.70087707630988
-2.12673435829339,1.46106589962343,3.26154089030748,0.219371601270912,-2.25943383287114,3.11181646546868,2.23195277598815,-1.64355260779441,0.245684472833461,-0.978943320752393
-1.6849618319677,-0.11920801098704,-0.311174996877872,-2.97372378204637,-1.33372241098306,-1.95673628307639,0.136049333310636,-1.3323288369801,3.78053728752817,-0.49645009125249
0.490747262116916,-1.03172114233455,-0.592687060608663,-2.07858658253537,1.7021401563414,2.11764009258354,-2.37018393474851,-0.762616073457159,3.4990210783142,-3.49674904957183
-2.61635619587464,-0.119846511500416,3.16008292002103,-1.03815498717105,0.574546980820578,0.0517578223521834,-1.85915480037845,-1.04708409978902,1.21500072635278,4.21562627674696
3.14518601155591,1.26070018433901,-0.726459006110672,-0.338026885631874,-0.971816975761882,-1.25578425557009,-2.03605891778414,-0.153711922094416,0.329592518315687,0.860289843758655
0.298992454775578,-2.58957593985943,0.30468090013404,1.39523800024286,-1.9929988423708,2.72879183834151,-1.56755558571945,-1.27259057760631,-1.19061066527552,3.05005917964604
0.115913067276382,2.83778501044845,-0.343397261940204,-0.492799675269795,-2.91201210856061,1.71617836090608,-0.776476754385826,-0.561226428978137,3.07642865226908,-2.01881720821145
0.635602183947733,-0.15379983855033,-2.03069479307433,0.233365203227965,3.86008009014743,-2.74586086337864,-4.52674563090581,2.14609470025828,0.144029296465614,-0.559970165936027
-3.24183783136137,3.10011191411937,-0.999914287461432,-0.619610250292875,1.28434693985387,1.77230654731658,0.628606810116738,1.97770520020285,-0.545106246381816,2.51768921902931
-2.18482149307502,0.955304552440425,-0.00391269036152395,-0.116131576089511,-1.81853107841425,4.4589863321403,1.03381977902112,-2.66730388096689,3.50673335160742,-0.819016513729607
2.98371272066936,2.92765141883297,-0.0693833033873554,4.45052434132163,-3.26773792964432,-1.61174953493788,-1.21266099845637,0.978896372842696,1.56420511155105,0.057436603756456
1.62847868972451,-7.28653791713729,0.998483111923866,-2.89408573232234,1.56625670808937,2.93080313363667,0.107758323272289,0.0186540074698208,-0.536226472923345,-0.986763270567142
-4.73850310569166,-1.36223092516094,-1.431863651633,-2.28777906312664,-1.56560169171642,1.19641161234857,-1.60356064525806,-1.16477581110898,0.871662474838304,-1.07019755453545
1.39432019572421,-0.366921543042954,-1.11596448171046,-1.8965397026179,-0.536748283858302,-0.621819586861005,-0.368007646611681,-3.52318498640925,-4.36866030551667,2.369416883102
-0.848665871749441,0.854584266283504,-0.182174596561894,1.20165438307185,-1.22675093153176,0.691016516171343,0.106402254591863,2.53646025689806,0.117865123876747,1.6512415833345
-0.783001024044699,-1.25990102632159,-1.61379805974438,1.65139136721767,-1.01041993607389,-1.3493499203786,-0.248465923563376,1.7738036632737,0.929430229796312,-1.74119734035525
-1.42607334180038,1.21907088020412,0.188904553558116,0.235182850709753,5.30613839975667,2.09584404928437,-0.13095562105594,1.92397049684386,-1.15646850847583,-0.168603043631473
-2.84167997888103,-1.39960565666364,-3.2694285216796,0.491988900023763,1.94706223604012,4.08698046937085,-0.97235497708345,-0.805533789258137,-0.623865479588222,-2.68872214774073
2.15248033214298,0.0466142001754437,-0.288447872571297,4.45245735753535,-3.38723675833141,3.55732622541837,-0.259408568916954,0.706446904351698,2.42639956534613,-0.0649898068745397
0.951711116477888,-0.593380011447128,3.33920710566225,-2.0146432689122,1.14844611692573,1.17172953711237,-0.00895624635222481,-0.587616302085295,-2.76842030923371,-2.21571379367678
-1.78395919167437,0.886810452881189,-4.21724568034421,-3.22506854578075,1.98143430317385,-1.96964646923309,-0.71282780725863,2.42782250396025,1.0053934602088,1.37856734257796
